Card Name,Rating - Draftmancer,Rating - AF,Set
Rapunzel - Gifted with Healing,5,A,1
Tinker Bell - Giant Fairy,5,A,1
Kuzco - Temperamental Emperor,5,A,1
Maui - Hero to All,5,A,1
Grab Your Sword,5,A,1
Genie - On the Job,5,A,1
The Queen - Wicked and Vain,5,A,1
Scar - Mastermind,5,A,1
Hades - Infernal Schemer,5,A,1
Maximus - Palace Horse,5,A,1
Dr. Facilier - Agent Provocateur,5,A,1
John Silver - Alien Pirate,5,A,1
Stitch - Carefree Surfer,5,A,1
Marshmallow - Persistent Guardian,5,A,1
Maleficent - Uninvited,5,A,1
Te Ka - Heartless,5,A,1
Mad Hatter - Gracious Host,4,B+,1
Jasmine - Queen of Agrabah,4,B+,1
Be Prepared,4,B+,1
Maximus - Relentless Pursuer,4,B+,1
Simba - Protective Cub,4,B+,1
Elsa - Spirit of Winter,4,B+,1
Elsa - Snow Queen,4,B+,1
Let It Go,4,B+,1
Flynn Rider - Charming Rogue,4,B+,1
Stitch - Rock Star,4,B+,1
Tinker Bell - Most Helpful,4,B+,1
Hades - Lord of the Underworld,4,B+,1
Dragon Fire,4,B+,1
Hans - Thirteenth in Line,4,B+,1
Aladdin - Heroic Outlaw,4,B+,1
Goofy - Daredevil,4,B+,1
Mufasa - King of the Pride Lands,4,B+,1
Stitch - Abomination,4,B+,1
Friends On The Other Side,4,B+,1
Tigger - Wonderful Thing,4,B+,1
Pongo - Ol' Rascal,4,B,1
Mulan - Imperial Soldier,4,B,1
Goofy - Musketeer,4,B,1
Cerberus - Three-Headed Dog,4,B,1
Robin Hood - Unrivaled Archer,4,B,1
Mother Gothel - Selfish Manipulator,4,B,1
Mickey Mouse - Detective,4,B,1
Chief Tui - Respected Leader,4,B,1
Hercules - True Hero,4,B,1
Maleficent - Sorceress,4,B,1
Mickey Mouse - Brave Little Tailor,4,B,1
Beast - Wolfsbane,4,B,1
Smash,4,B,1
Captain - Colonel's Lieutenant,4,B,1
Kronk - Right-Hand Man,4,B,1
Sven - Official Ice Deliverer,4,B,1
The Wardrobe - Belle's Confidant,4,B,1
Mickey Mouse - Steamboat Pilot,4,B,1
Rafiki - Mysterious Sage,4,B,1
Philoctetes - Trainer of Heroes,4,B,1
Jumba Jookiba - Renegade Scientist,4,B,1
Captain Hook - Forceful Duelist,4,B,1
Tinker Bell - Peter Pan's Ally,4,B,1
Aurora - Briar Rose,4,B,1
One Jump Ahead,4,B-,1
Jasper - Common Crook,4,B-,1
Triton - The Sea King,4,B-,1
Gramma Tala - Storyteller,4,B-,1
Fire The Cannons!,4,B-,1
Maleficent - Monstrous Dragon,4,B-,1
Beast - Hardheaded,4,B-,1
Pascal - Rapunzel's Companion,4,B-,1
Lantern,4,B-,1
Beast's Mirror,4,B-,1
Aurora - Dreaming Guardian,4,B-,1
Hans - Scheming Prince,4,B-,1
Tinker Bell - Tiny Tactician,4,B-,1
Ursula - Power Hungry,4,B-,1
Peter Pan - Never Landing,4,B-,1
Jetsam - Ursula's Spy,4,B-,1
Merlin - Self-Appointed Mentor,4,B-,1
Lefou - Instigator,4,B-,1
Stitch - New Dog,4,B-,1
Belle - Strange but Special,4,B-,1
Archimedes - Highly Educated Owl,3,C+,1
Flounder - Voice of Reason,3,C+,1
Goons - Maleficent's Underlings,3,C+,1
Sergeant Tibbs - Courageous Cat,3,C+,1
Duke of Weselton - Opportunistic Official,3,C+,1
Prince Eric - Dashing and Brave,3,C+,1
Donald Duck - Musketeer,3,C+,1
Heihei - Boat Snack,3,C+,1
You Have Forgotten Me,3,C+,1
Elsa - Queen Regent,3,C+,1
Genie - The Ever Impressive,3,C+,1
Donald Duck - Boisterous Fowl,3,C+,1
Minnie Mouse - Beloved Princess,3,C+,1
Jasmine - Disguised,3,C+,1
Mickey Mouse - True Friend,3,C+,1
Kristoff - Official Ice Master,3,C+,1
Jafar - Wicked Sorcerer,3,C+,1
Be Our Guest,3,C+,1
Cruella de Vil - Miserable as Usual,3,C+,1
Simba - Rightful Heir,3,C+,1
Jafar - Keeper of Secrets,3,C+,1
Mickey Mouse - Musketeer,3,C+,1
Cheshire Cat - Not All There,3,C+,1
Zeus - God of Lightning,3,C+,1
Aurora - Regal Princess,3,C,1
Te Ka - The Burning One,3,C,1
Mickey Mouse - Wayward Sorcerer,3,C,1
Mother Knows Best,3,C,1
Magic Mirror,3,C,1
Cinderella - Gentle and Kind,3,C,1
Maleficent - Sinister Visitor,3,C,1
Gaston - Arrogant Hunter,3,C,1
Captain Hook - Captain of the Jolly Roger,3,C,1
Simba - Future King,3,C,1
Yzma - Alchemist,3,C,1
Simba - Returned King,3,C,1
Megara - Pulling the Strings,3,C,1
Maurice - World-Famous Inventor,3,C,1
Maui - Demigod,3,C,1
Ariel - Spectacular Singer,3,C,1
Rapunzel - Letting Down Her Hair,3,C,1
Scepter of Arendelle,3,C,1
Develop Your Brain,3,C,1
Horace - No-Good Scoundrel,3,C,1
Peter Pan - Fearless Fighter,3,C,1
Prince Phillip - Dragonslayer,3,C,1
Pumbaa - Friendly Warthog,3,C,1
Mr. Smee - Loyal First Mate,3,C,1
Scar - Fiery Usurper,3,C,1
Dr. Facilier - Remarkable Gentleman,3,C,1
Starkey - Hook's Henchman,3,C,1
Mickey Mouse - Artful Rogue,3,C,1
Flotsam - Ursula's Spy,3,C,1
Ariel - On Human Legs,3,C,1
Lilo - Making a Wish,3,C,1
Maleficent - Biding Her Time,3,C,1
Captain Hook - Thinking a Happy Thought,2,C-,1
Moana - Of Motunui,2,C-,1
Genie - Powers Unleashed,2,C-,1
Aladdin - Cornered Swordsman,2,C-,1
Magic Broom - Bucket Brigade,2,C-,1
Lilo - Galactic Hero,2,C-,1
Tamatoa - So Shiny!,2,C-,1
Captain Hook - Ruthless Pirate,2,C-,1
Minnie Mouse - Always Classy,2,C-,1
Olaf - Friendly Snowman,2,C-,1
Ursula's Cauldron,2,C-,1
Fan the Flames,2,C-,1
Coconut Basket,2,C-,1
Stolen Scimitar,2,C-,1
Dr. Facilier - Charlatan,2,C-,1
Belle - Inventive Engineer,2,C-,1
Iago - Loud-Mouthed Parrot,2,C-,1
Eye of the Fates,2,C-,1
Vicious Betrayal,2,C-,1
Anna - Heir to Arendelle,2,C-,1
Donald Duck - Strutting His Stuff,2,C-,1
Abu - Mischievous Monkey,2,C-,1
Aladdin - Street Rat,2,C-,1
Lefou - Bumbler,2,C-,1
Control Your Temper!,2,C-,1
Elsa - Ice Surfer,2,C-,1
Moana - Chosen by the Ocean,2,C-,1
Timon - Grub Rustler,2,C-,1
Tamatoa - Drab Little Crab,2,C-,1
Fishbone Quill,2,C-,1
White Rabbit's Pocket Watch,2,C-,1
A Whole New World,2,C-,1
Aladdin - Prince Ali,1,D,1
Shield of Virtue,1,D,1
Part of Your World,1,D,1
Poisoned Apple,1,D,1
Hakuna Matata,1,D,1
Dinglehopper,1,D,1
Sebastian - Court Composer,1,D,1
Lady Tremaine - Wicked Stepmother,1,D,1
Scar - Shameless Firebrand,1,D,1
Gantu - Galactic Federation Captain,1,D,1
Magic Golden Flower,1,D,1
Plasma Blaster,1,D,1
He's Got a Sword!,1,D,1
Stampede,1,D,1
Sudden Chill,1,D,1
The Beast is Mine!,1,D,1
Ariel - Whoseit Collector,1,D,1
Healing Glow,1,D,1
Hades - King of Olympus,1,D,1
Work Together,1,D,1
Freeze,0,F,1
Sword of Truth,0,F,1
Just in Time,0,F,1
Cut to the Chase,0,F,1
Break,0,F,1
Frying Pan,0,F,1
Befuddle,0,F,1
Ransack,0,F,1
Reflection,0,F,1
Tangle,0,F,1
Steal from the Rich,0,F,1
Ursula's Shell Necklace,0,F,1
Do It Again!,0,F,1
Musketeer Tabard,0,F,1
Dr. Facilier's Cards,0,F,1
If it's not Baroque,0,F,1
Fairy Godmother - Mystic Armorer,5,A,2
Cogsworth - Grandfather Clock,5,A,2
Beast - Tragic Hero,5,A,2
Beast - Relentless,5,A,2
The Queen - Commanding Presence,5,A,2
Kronk - Junior Chipmunk,5,A,2
Yzma - Scary Beyond All Reason,5,A,2
Snow White - Well Wisher,5,A,2
Lady Tremaine - Imperious Queen,5,A,2
Beast - Selfless Protector,5,A,2
Queen Of Hearts - Sensing Weakness,4,B+,2
Gaston - Intellectual Powerhouse,4,B+,2
Alice - Growing Girl,4,B+,2
Sisu - Divine Water Dragon,4,B+,2
Belle - Hidden Archer,4,B+,2
Hercules - Divine Hero,4,B+,2
Mufasa - Betrayed Leader,4,B+,2
Merlin - Rabbit,4,B+,2
Pacha - Village Leader,4,B+,2
Little John - Loyal Friend,4,B+,2
Jafar - Dreadnought,4,B+,2
Strength Of A Raging Fire,4,B+,2
World's Greatest Criminal Mind,4,B+,2
Let The Storm Rage On,4,B+,2
Cinderella - Stouthearted,4,B+,2
Merlin - Crab,4,B+,2
Minnie Mouse - Stylish Surfer,4,B+,2
Lucifer - Cunning Cat,4,B+,2
Madam Mim - Fox,4,B+,2
Shere Khan - Menacing Predator,4,B+,2
Dr. Facilier - Fortune Teller,4,B+,2
HeiHei - Persistent Presence,4,B+,2
Peter Pan's Shadow - Not Sewn On,4,B+,2
Ray - Easygoing Firefly,4,B+,2
Scar - Vicious Cheater,4,B,2
Namaari - Nemesis,4,B,2
Rabbit - Reluctant Host,4,B,2
Flynn Rider - His Own Biggest Fan,4,B,2
Cobra Bubbles - Just a Social Worker,4,B,2
Madam Mim - Purple Dragon,4,B,2
Daisy Duck - Secret Agent,4,B,2
Winnie The Pooh - Hunny Wizard,4,B,2
Virana - Fang Chief,4,B,2
Card Soldiers - Full Deck,4,B,2
Happy - Good-Natured,4,B,2
Fairy Godmother - Pure Heart,4,B,2
Li Shang - Archery Instructor,4,B,2
Fairy Godmother - Here to Help,4,B,2
Yzma - Without Beauty Sleep,4,B,2
Donald Duck - Not Again!,4,B,2
Queen Of Hearts - Capricious Monarch,4,B,2
Donald Duck - Deep-Sea Diver,4,B,2
Ratigan - Criminal Mastermind,4,B,2
Sleepy - Nodding Off,4,B,2
King Louie - Jungle VIP,4,B,2
Madam Mim - Snake,4,B,2
The Prince - Never Gives Up,4,B,2
Hypnotize,4,B,2
Mulan - Soldier In Training,4,B-,2
Tuk Tuk - Wrecking Ball,4,B-,2
Lumiere - Hotheaded Candelabra,4,B-,2
Pawpsicle,4,B-,2
Snow White - Lost in the Forest,4,B-,2
Ring The Bell,4,B-,2
Painting the Roses Red,4,B-,2
Fidget - Ratigan's Henchman,4,B-,2
Improvise,4,B-,2
The Queen - Regal Monarch,4,B-,2
Charge!,4,B-,2
Chip The Teacup - Gentle Soul,4,B-,2
Owl - Logical Lecturer,4,B-,2
Cruella De Vil - Perfectly Wretched,4,B-,2
Lawrence - Jealous Manservant,4,B-,2
Grand Pabbie - Oldest And Wisest,4,B-,2
Cheshire Cat - From the Shadows,4,B-,2
Raya - Leader of Heart,4,B-,2
Beast - Forbidding Recluse,3,C+,2
Grumpy - Bad-Tempered,3,C+,2
Felicia - Always Hungry,3,C+,2
Elsa - Gloves Off,3,C+,2
Cogsworth - Talking Clock,3,C+,2
Donald Duck - Perfect Gentleman,3,C+,2
Hercules - Hero In Training,3,C+,2
Boun - Precocious Entrepreneur,3,C+,2
Pinocchio - On The Run,3,C+,2
Rapunzel - Sunshine,3,C+,2
Basil - Great Mouse Detective,3,C+,2
Cruella De Vil - Fashionable Cruiser,3,C+,2
Christopher Robin - Adventurer,3,C+,2
Jafar - Royal Vizier,3,C+,2
Merlin - Goat,3,C+,2
Bashful - Hopeless Romantic,3,C+,2
Queen Of Hearts - Impulsive Ruler,3,C+,2
Magic Broom - Industrial Model,3,C+,2
Piglet - Very Small Animal,3,C+,2
Blue Fairy - Rewarding Good Deeds,3,C+,2
Panic - Underworld Imp,3,C+,2
Minnie Mouse - Wide-Eyed Diver,3,C+,2
Grand Duke - Advisor to the King,3,C+,2
Rapunzel - Gifted Artist,3,C+,2
Namaari - Morning Mist,3,C+,2
Tiana - True Princess,3,C+,2
Mulan - Free Spirit,3,C+,2
Ratigan - Very Large Mouse,3,C+,2
Doc - Leader of the Seven Dwarfs,3,C+,2
Prince Charming - Heir To The Throne,3,C+,2
Dr. Facilier - Savvy Opportunist,3,C+,2
Teeth and Ambitions,3,C+,2
Sneezy - Very Allergic,3,C+,2
Chief Bogo - Respected Officer,3,C,2
Enchantress - Unexpected Judge,3,C,2
Kuzco - Wanted Llama,3,C,2
Basil - Of Baker Street,3,C,2
James - Role Model,3,C,2
Mother Gothel - Withered And Wicked,3,C,2
Eudora - Accomplished Seamstress,3,C,2
Baloo - Fun-Loving Bear,3,C,2
Prince Naveen - Penniless Royal,3,C,2
Cheshire Cat - Always Grinning,3,C,2
Caterpillar - Calm and Collected,3,C,2
Minnie Mouse - Zipping Around,3,C,2
Tigger - One Of A Kind,3,C,2
Basil - Perceptive Investigator,3,C,2
Nothing To Hide,3,C,2
Winnie The Pooh - Having A Think,3,C,2
Nick Wilde - Wily Fox,3,C,2
Benja - Guardian of the Dragon Gem,3,C,2
Gumbo Pot,3,C,2
Arthur - Trained Swordsman,3,C,2
Robin Hood - Capable Fighter,3,C,2
Eli La Bouff - Big Daddy,3,C,2
Four Dozen Eggs,3,C,2
Cinderella - Knight In Training,3,C,2
Raya - Warrior Of Kumandra,3,C,2
Mouse Armor,3,C,2
Go The Distance,3,C,2
Pete - Bad Guy,3,C,2
Flynn Rider - Confident Vagabond,3,C,2
Tiana - Diligent Waitress,3,C,2
Pinocchio - Star Attraction,2,C-,2
Hiram Flaversham - Toymaker,2,C-,2
Madam Mim - Rival of Merlin,2,C-,2
Mickey Mouse - Friendly Face,2,C-,2
Goofy - Knight for a Day,2,C-,2
Legend Of The Sword In The Stone,2,C-,2
Last Cannon,2,C-,2
Bounce,2,C-,2
Last Stand,2,C-,2
Judy Hopps - Optimistic Officer,2,C-,2
Arthur - Wizard's Apprentice,2,C-,2
Dinner Bell,2,C-,2
The Huntsman - Reluctant Enforcer,2,C-,2
Gaston - Baritone Bully,2,C-,2
Merlin - Squirrel,2,C-,2
Nana - Darling Family Pet,2,C-,2
Bucky - Squirrel Squeak Tutor,2,C-,2
Tiana - Celebrating Princess,2,C-,2
Noi - Orphaned Thief,2,C-,2
Hold Still,2,C-,2
Jiminy Cricket - Pinocchio's Conscience,2,C-,2
Belle - Bookworm,2,C-,2
Pain - Underworld Imp,2,C-,2
Dopey - Always Playful,2,C-,2
Jasmine - Heir Of Agrabah,2,C-,2
Weight Set,2,C-,2
Mulan - Reflecting,2,C-,2
Pack Tactics,2,C-,2
Duke Weaselton - Small-Time Crook,2,C-,2
Gaston - Scheming Suitor,2,C-,2
The Nokk - Water Spirit,1,D,2
Raya - Headstrong,1,D,2
Donald Duck - Sleepwalker,1,D,2
I'm Stuck!,1,D,2
You Can Fly!,1,D,2
What Did You Call Me?,1,D,2
Merlin - Shapeshifter,1,D,2
Fang Crossbow,1,D,2
Cinderella - Ballroom Sensation,1,D,2
Sardine Can,1,D,2
Bibbidi Bobbidi Boo,1,D,2
Prince John - Greediest of All,1,D,2
Pick A Fight,1,D,2
Launch,1,D,2
Mrs. Judson - Housekeeper,1,D,2
Queen Of Hearts - Quick-Tempered,1,D,2
Lady Tremaine - Overbearing Matriarch,1,D,2
Snow White - Unexpected Houseguest,1,D,2
Pinocchio - Talkative Puppet,1,D,2
The Most Diabolical Scheme,1,D,2
Dragon Gem,1,D,2
The Sorcerer's Spellbook,1,D,2
Honest John - Not That Honest,1,D,2
The Queen - Disguised Peddler,1,D,2
Falling Down The Rabbit Hole,1,D,2
Gruesome And Grim,0,F,2
Croquet Mallet,0,F,2
Binding Contract,0,F,2
Zero to Hero,0,F,2
Sword In The Stone,0,F,2
Perplexing Signposts,0,F,2
Peter Pan's Dagger,0,F,2
Sleepy's Flute,0,F,2
Maurice's Workshop,0,F,2
Ratigan's Marvelous Trap,0,F,2
Robin Hood - Champion of Sherwood,5,A,3
Hydra - Deadly Serpent,5,A,3
Madame Medusa - The Boss,5,A,3
Simba - Fighting Prince,5,A,3
And Then Along Came Zeus,5,A,3
Chernabog - Evildoer,5,A,3
Kida - Protector of Atlantis,5,A,3
Prince Eric - Expert Helmsman,5,A,3
Don Karnage - Prince of Pirates,4,B+,3
Maid Marian - Delightful Dreamer,4,B+,3
Maleficent - Mistress of All Evil,4,B+,3
Perdita - Devoted Mother,4,B+,3
Pyros - Lava Titan,4,B+,3
Helga Sinclair - Femme Fatale,4,B+,3
Peter Pan - Pirate's Bane,4,B+,3
Pluto - Determined Defender,4,B+,3
Robin Hood - Daydreamer,4,B+,3
Nani - Protective Sister,4,B+,3
Simba - Rightful King,4,B+,3
Mr. Snoops - Inept Businessman,4,B+,3
Captain Hook - Master Swordsman,4,B+,3
Genie - Supportive Friend,4,B+,3
Lyle Tiberius Rourke - Cunning Mercenary,4,B+,3
Mama Odie - Voice of Wisdom,4,B+,3
Mr. Smee - Bumbling Mate,4,B,3
Helga Sinclair - Right-Hand Woman,4,B,3
Jim Hawkins - Space Traveler,4,B,3
Eeyore - Overstuffed Donkey,4,B,3
Little John - Robin's Pal,4,B,3
Razoul - Palace Guard,4,B,3
Sir Hiss - Aggravating Asp,4,B,3
Gramma Tala - Keeper of Ancient Stories,4,B,3
Maui - Whale,4,B,3
King Louie - Bandleader,4,B,3
Pluto - Mickey's Clever Friend,4,B,3
Webby Vanderquack - Enthusiastic Duck,4,B,3
Kida - Royal Warrior,4,B,3
Alice - Tea Alchemist,4,B,3
Rolly - Hungry Pup,4,B,3
Magic Broom - Swift Cleaner,4,B,3
The Queen's Castle - Mirror Chamber,4,B-,3
Pongo - Determined Father,4,B-,3
Louie - Chill Nephew,4,B-,3
Stratos - Tornado Titan,4,B-,3
Billy Bones - Keeper of the Map,4,B-,3
Friar Tuck - Priest of Nottingham,4,B-,3
Motunui - Island Paradise,4,B-,3
Ursula - Sea Witch,4,B-,3
Mufasa - Champion of the Pride Lands,4,B-,3
Lucky - The 15th Puppy,4,B-,3
Chernabog's Followers - Creatures of Evil,4,B-,3
Stitch - Covert Agent,4,B-,3
Stitch - Little Rocket,4,B-,3
Gustav the Giant - Terror of the Kingdom,4,B-,3
Ariel - Adventurous Collector,4,B-,3
Flintheart Glomgold - Lone Cheater,4,B-,3
Magic Carpet - Flying Rug,4,B-,3
Moana - Undeterred Voyager,4,B-,3
Iago - Pretty Polly,4,B-,3
Wildcat - Mechanic,4,B-,3
Ba-Boom!,4,B-,3
Lythos - Rock Titan,4,B-,3
John Silver - Greedy Treasure Seeker,4,B-,3
Rufus - Orphanage Cat,4,B-,3
Della Duck - Unstoppable Mom,4,B-,3
Distract,4,B-,3
Maui's Place of Exile - Hidden Island,4,B-,3
Patch - Intimidating Pup,4,B-,3
Milo Thatch - King of Atlantis,3,C+,3
Hades - Hotheaded Ruler,3,C+,3
Cursed Merfolk - Ursula's Handiwork,3,C+,3
HeiHei - Accidental Explorer,3,C+,3
Piglet - Pooh Pirate Captain,3,C+,3
Little John - Resourceful Outlaw,3,C+,3
Wendy Darling - Authority on Peter Pan,3,C+,3
Dalmatian Puppy - Tail Wagger,3,C+,3
Magica De Spell - Ambitious Witch,3,C+,3
Heart of Atlantis,3,C+,3
Gramma Tala - Spirit of the Ocean,3,C+,3
Hydros - Ice Titan,3,C+,3
Dewey - Showy Nephew,3,C+,3
Kit Cloudkicker - Tough Guy,3,C+,3
Nala - Fierce Friend,3,C+,3
Robin Hood - Beloved Outlaw,3,C+,3
Kida - Atlantean,3,C+,3
Milo Thatch - Clever Cartographer,3,C+,3
Starkey - Devious Pirate,3,C+,3
Heal What Has Been Hurt,3,C+,3
Huey - Savvy Nephew,3,C+,3
Ursula - Deceiver of All,3,C+,3
Bernard - Brand-New Agent,3,C+,3
Thaddeus E. Klang - Metallic Leader,3,C+,3
Cubby - Mighty Lost Boy,3,C+,3
Nutsy - Vulture Henchman,3,C+,3
Jafar - Striking Illusionist,3,C+,3
Helga Sinclair - Vengeful Partner,3,C+,3
Chief Tui - Proud of Motunui,3,C+,3
Rafiki - Mystical Fighter,3,C+,3
Slightly - Lost Boy,3,C+,3
Jim Hawkins - Thrill Seeker,3,C,3
Queen of Hearts - Wonderland Empress,3,C,3
The Queen - Hateful Rival,3,C,3
How Far I'll Go,3,C,3
McDuck Manor - Scrooge's Mansion,3,C,3
Moana - Born Leader,3,C,3
Flotsam - Riffraff,3,C,3
Joshua Sweet - The Doctor,3,C,3
Sumerian Talisman,3,C,3
Zazu - Steward of the Pride Lands,3,C,3
Genie - Cramped in the lamp,3,C,3
Magica De Spell - Thieving Sorceress,3,C,3
Pua - Potbellied Buddy,3,C,3
Captain Hook's Rapier,3,C,3
Strike A Good Match,3,C,3
Tinker Bell - Generous Fairy,3,C,3
The Firebird - Force of Destruction,3,C,3
Morph - Space Goo,3,C,3
Pride Lands - Pride Rock,3,C,3
Scroop - Backstabber,3,C,3
Kit Cloudkicker - Navigator,3,C,3
Robin's Bow,3,C,3
Forbidden Mountain - Maleficent's Castle,3,C,3
Mickey Mouse - Stalwart Explorer,3,C,3
The Queen - Mirror Seeker,3,C,3
Last-Ditch Effort,3,C,3
Milo Thatch - Spirited Scholar,3,C,3
Rise Of The Titans,3,C,3
De Vil Manor - Cruella's Estate,3,C,3
Never Land - Mermaid Lagoon,3,C,3
Nottingham - Prince John's Castle,3,C,3
Baloo - von Bruinwald XIII,3,C,3
Peter Pan - Lost Boy Leader,3,C,3
Simba - Scrappy Cub,2,C-,3
Diablo - Faithful Pet,2,C-,3
Prince John - Phony King,2,C-,3
Wendy Darling - Talented Sailor,2,C-,3
Captain Amelia - First in Command,2,C-,3
Fang - River City,2,C-,3
Kuzco's Palace - Home of the Emperor,2,C-,3
Magic Broom - The Big Sweeper,2,C-,3
Ursula - Deceiver,2,C-,3
Audrey Ramirez - The Engineer,2,C-,3
Kakamora - Menacing Sailor,2,C-,3
Orville - Ace Pilot,2,C-,3
RLS Legacy - Solar Galleon,2,C-,3
Trigger - Not-So-Sharp Shooter,2,C-,3
Maui's Fish Hook,2,C-,3
Shenzi - Hyena Pack Leader,2,C-,3
Lena Sabrewing - Rebellious Teenager,2,C-,3
99 Puppies,2,C-,3
Agrabah - Marketplace,2,C-,3
Jafar - Lamp Thief,2,C-,3
Minnie Mouse - Musical Artist,2,C-,3
I Will Find My Way,2,C-,3
It Calls Me,2,C-,3
Cleansing Rainwater,2,C-,3
Boss's Orders,2,C-,3
Heart of Te Fiti,2,C-,3
Scrooge McDuck - Richest Duck in the World,2,C-,3
Jetsam - Riffraff,2,C-,3
Maui - Soaring Demigod,2,C-,3
The Sorcerer's Tower - Wondrous Workspace,2,C-,3
Tiana's Palace - Jazz Restaurant,2,C-,3
Bestow A Gift,2,C-,3
Minnie Mouse - Funky Spelunker,2,C-,3
Treasure Guardian - Protector of the Cave,2,C-,3
Lucky Dime,2,C-,3
Pluto - Friendly Pooch,1,D,3
Skippy - Energetic Rabbit,1,D,3
Magica De Spell - The Midas Touch,1,D,3
The Bayou - Mysterious Swamp,1,D,3
Aurelian Gyrosensor,1,D,3
Sheriff of Nottingham - Corrupt Official,1,D,3
Peter Pan - Never Land Hero,1,D,3
Scrooge McDuck - Uncle Moneybags,1,D,3
Miss Bianca - Rescue Aid Society Agent,1,D,3
Tinker Bell - Very Clever Fairy,1,D,3
Olympus Would Be That Way,1,D,3
The Bare Necessities,1,D,3
Gizmosuit,1,D,3
Has Set My Heaaaaaaart . . .,1,D,3
Mickey Mouse - Trumpeter,1,D,3
Vault Door,1,D,3
Mama Odie - Mystical Maven,1,D,3
Gyro Gearloose - Gadget Whiz,1,D,3
I've Got A Dream,1,D,3
Repair,1,D,3
The Boss Is On A Roll,1,D,3
The Lamp,1,D,3
Jolly Roger - Hook's Ship,1,D,3
Quick Patch,1,D,3
Wildcat's Wrench,1,D,3
Magic Broom - Dancing Duster,1,D,3
Voyage,1,D,3
Map of Treasure Planet,1,D,3
Kit Cloudkicker - Spunky Bear Cub,0,F,3
Divebomb,0,F,3
Belle's House - Maurice's Workshop,0,F,3
Friend Like Me,0,F,3
On Your Feet! Now!,0,F,3
Airfoil,0,F,3
The Sorcerer's Hat,0,F,3
Scrooge's Top Hat,0,F,3
Starlight Vial,0,F,3
Belle - Accomplished Mystic,5,A,4
Diablo - Devoted Herald,5,A,4
Cri-Kee - Lucky Cricket,5,A,4
Hercules - Beloved Hero,5,A,4
Raya - Unstoppable Force,5,A,4
Isabela Madrigal - Golden Child,5,A,4
Piglet - Sturdy Swordsman,5,A,4
Mulan - Elite Archer,5,A,4
Ursula - Sea Witch Queen,5,A,4
Chien-Po - Imperial Soldier,4,B+,4
Goofy - Super Goof,4,B+,4
Ariel - Sonic Warrior,4,B+,4
Tick-Tock - Ever-Present Pursuer,4,B+,4
Sisu - Emboldened Warrior,4,B+,4
Jasmine - Desert Warrior,4,B+,4
Pluto - Rescue Dog,4,B+,4
Sisu - Wise Friend,4,B+,4
Flynn Rider - Frenemy,4,B+,4
"Flotsam - Ursula's ""Baby""",4,B+,4
Julieta Madrigal - Excellent Cook,4,B+,4
We Don't Talk About Bruno,4,B+,4
Medallion Weights,4,B+,4
Noi - Acrobatic Baby,4,B+,4
Bruno Madrigal - Out of the Shadows,4,B+,4
Gaston - Despicable Dealer,4,B,4
Luisa Madrigal - Rock of the Family,4,B,4
Dolores Madrigal - Easy Listener,4,B,4
Tor - Florist,4,B,4
Rapunzel - Appreciative Artist,4,B,4
Pegasus - Cloud Racer,4,B,4
Pegasus - Gift for Hercules,4,B,4
Li Shang - Imperial Captain,4,B,4
Minnie Mouse - Musketeer Champion,4,B,4
Prince Eric - Seafaring Prince,4,B,4
Antonio Madrigal - Animal Expert,4,B,4
Belle - Untrained Mystic,4,B,4
"Jetsam - Ursula's ""Baby""",4,B,4
Hercules - Clumsy Kid,4,B,4
Lumiere - Fiery Friend,4,B,4
Nessus - River Guardian,4,B,4
Pegasus - Flying Steed,4,B,4
Elsa - Storm Chaser,4,B,4
Namaari - Heir of Fang,4,B,4
Heihei - Bumbling Rooster,4,B,4
Brawl,4,B,4
Cogsworth - Majordomo,4,B-,4
Look at this Family,4,B-,4
Hades - Meticulous Plotter,4,B-,4
Mulan - Armored Fighter,4,B-,4
The Mob Song,4,B-,4
Camilo Madrigal - Prankster,4,B-,4
Tuk Tuk - Lively Partner,4,B-,4
Mickey Mouse - Leader of the Band,4,B-,4
Magic Broom - Aerial Cleaner,4,B-,4
Mirabel Madrigal - Gift of the Family,4,B-,4
Luisa Madrigal - Magically Strong One,4,B-,4
Donald Duck - Buccaneer,4,B-,4
Mickey Mouse - Playful Sorcerer,4,B-,4
Daisy Duck - Musketeer Spy,4,B-,4
Jaq - Connoisseur of Climbing,4,B-,4
Megara - Captivating Cynic,4,B-,4
Raya - Fierce Protector,4,B-,4
Peter Pan - Shadow Finder,3,C+,4
Lefou - Opportunistic Flunky,3,C+,4
Magic Broom - Brigade Commander,3,C+,4
Stitch - Alien Dancer,3,C+,4
Hercules - Daring Demigod,3,C+,4
Yao - Imperial Soldier,3,C+,4
Second Star to the Right,3,C+,4
Donald Duck - Musketeer Soldier,3,C+,4
Prince Eric - Ursula's Groom,3,C+,4
Bruno Madrigal - Undetected Uncle,3,C+,4
Philoctetes - No-Nonsense Instructor,3,C+,4
Felix Madrigal - Fun-Loving Family Man,3,C+,4
Pain - Immortal Sidekick,3,C+,4
Mickey Mouse - Standard Bearer,3,C+,4
Agustin Madrigal - Clumsy Dad,3,C+,4
Gus - Champion of Cheese,3,C+,4
Megara - Liberated One,3,C+,4
Li Shang - General's Son,3,C+,4
Flotsam & Jetsam - Entangling Eels,3,C+,4
Tong - Survivor,3,C+,4
Be King Undisputed,3,C+,4
Tuk Tuk - Curious Partner,3,C+,4
Arges - The Cyclops,3,C+,4
Great Stone Dragon,3,C+,4
Zeus - Mr. Lightning Bolts,3,C+,4
Mickey Mouse - Musketeer Captain,3,C+,4
Prince Phillip - Gallant Defender,3,C+,4
Winter Camp - Medical Tent,3,C+,4
Ursula - Mad Sea Witch,3,C+,4
Ursula's Garden - Full of the Unfortunate,3,C+,4
Iduna - Caring Mother,3,C+,4
Transformed Chef - Castle Stove,3,C+,4
Ling - Imperial Soldier,3,C+,4
Rajah - Royal Protector,3,C+,4
Ursula - Eric's Bride,3,C+,4
Magic Broom - Illuminary Keeper,3,C+,4
Dang Hu - Talon Chief,3,C+,4
Hans - Noble Scoundrel,3,C+,4
Olaf - Carrot Enthusiast,3,C+,4
Pascal - Inquisitive Pet,3,C,4
Max - Loyal Sheepdog,3,C,4
Li Shang - Valorous General,3,C,4
Anna - True-Hearted,3,C,4
The Queen - Diviner,3,C,4
Triton - Young Prince,3,C,4
Chi-Fu - Imperial Advisor,3,C,4
Mirabel Madrigal - Prophecy Finder,3,C,4
The Underworld - River Styx,3,C,4
Pico - Helpful Toucan,3,C,4
Khan - Beloved Steed,3,C,4
Olaf - Trusting Companion,3,C,4
Aladdin - Brave Rescuer,3,C,4
Beast - Thick-Skinned,3,C,4
Mrs. Potts - Enchanted Teapot,3,C,4
The Muses - Proclaimers of Heroes,3,C,4
Mulan - Injured Soldier,3,C,4
Anna - Braving the Storm,3,C,4
John Silver - Terror of the Realm,3,C,4
Pepa Madrigal - Weather Maker,3,C,4
Magical Maid - Feather Duster,3,C,4
Ursula's Lair - Eye of the Storm,3,C,4
Fa Li - Mulan's Mother,3,C,4
Daisy Duck - Lovely Lady,3,C,4
Aladdin - Resolute Swordsman,3,C,4
Ariel - Determined Mermaid,3,C,4
Gunther - Interior Designer,3,C,4
Sisu - Daring Visitor,3,C,4
The Fates - Only One Eye,3,C,4
Ariel - Treasure Collector,3,C,4
Triton - Discerning King,3,C,4
Fortisphere,3,C,4
A Pirate's Life,3,C,4
Thebes - The Big Olive,3,C,4
Ursula - Vanessa,3,C,4
Lost in the Woods,2,C-,4
Training Grounds - Impossible Pillar,2,C-,4
Magic Broom - Lively Sweeper,2,C-,4
Panic - Immortal Sidekick,2,C-,4
Pete - Born to Cheat,2,C-,4
Pete - Rotten Guy,2,C-,4
Hidden Cove - Tranquil Haven,2,C-,4
Benja - Bold Uniter,2,C-,4
Mulan - Enemy of Entanglement,2,C-,4
Raya - Guardian of the Dragon Gem,2,C-,4
Dig a Little Deeper,2,C-,4
Ice Block,2,C-,4
One Last Hope,2,C-,4
Avalanche,2,C-,4
Ariel - Singing Mermaid,2,C-,4
Goofy - Musketeer Swordsman,2,C-,4
Marshmallow - Terrifying Snowman,2,C-,4
Hidden Inkcaster,2,C-,4
Aurora - Lore Guardian,2,C-,4
Vitalisphere,2,C-,4
Rose Lantern,2,C-,4
Prince Phillip - Warden of the Woods,2,C-,4
Seldom All They Seem,2,C-,4
Prince Phillip - Vanquisher of Foes,2,C-,4
Alma Madrigal - Family Matriarch,2,C-,4
Bruno's Return,2,C-,4
Yen Sid - Powerful Sorcerer,2,C-,4
Flounder - Collector's Companion,2,C-,4
Scuttle - Expert on Humans,2,C-,4
Under the Sea,2,C-,4
Snuggly Duckling - Disreputable Pub,2,C-,4
Triton's Decree,1,D,4
Triton's Trident,1,D,4
Casa Madrigal - Casita,1,D,4
Diablo - Maleficent's Spy,1,D,4
Hera - Queen of the Gods,1,D,4
Beast - Wounded,1,D,4
Imperial Proclamation,1,D,4
Aurora - Tranquil Princess,1,D,4
Imperial Bow,1,D,4
Vision Slab,1,D,4
Hades - Double Dealer,1,D,4
Glean,1,D,4
Cinderella - Melody Weaver,1,D,4
Make the Potion,1,D,4
Triton - Champion of Atlantica,1,D,4
Fa Zhou - Mulan's Father,1,D,4
Swing into Action,1,D,4
First Aid,1,D,4
Poor Unfortunate Souls,1,D,4
Mystical Rose,1,D,4
Ursula's Plan,1,D,4
"I Find 'em, I Flatten 'em!",1,D,4
Golden Harp - Enchanter of the Land,0,F,4
Sisu - Empowered Sibling,4,B,4
Miracle Candle,0,F,4
Record Player,0,F,4
Atlantica - Concert Hall,0,F,4
Dodge!,0,F,4
Signed Contract,0,F,4
The Plank,0,F,4
RLS Legacy's Cannon,0,F,4
Ursula's Trickery,0,F,4
Ariel's Grotto - A Secret Place,0,F,4
The Wall - Border Fortress,0,F,4
Sign the Scroll,0,F,4
Treasures Untold,0,F,4
Field of Ice,0,F,4
Robin Hood - Timely Contestant,5,A,5
Madam Mim - Elephant,5,A,5
Scrooge McDuck - Afficionado of Antiquities,5,A,5
Camilo Madrigal - Family Copycat,5,A,5
Jafar - Tyrannical Hypnotist,5,A,5
Luisa Madrigal - Entertaining Muscle,5,A,5
Mother Gothel - Unwavering Schemer,5,A,5
Anna - Diplomatic Queen,5,A,5
Elsa - The Fifth Spirit,5,A,5
Maid Marian - Lady of the Lists,4,B+,5
The Nokk - Mythical Spirit,4,B+,5
Scroop - Odious Mutineer,4,B+,5
Arthur - King Victorious,4,B+,5
Moana - Determined Explorer,4,B+,5
Clarabelle - Light on Her Hooves,4,B+,5
Prince Phillip - Swordsman of the Realm,4,B+,5
Namaari - Resolute Daughter,4,B+,5
Zazu - Advisor to Mufasa,4,B+,5
Monstro - Whale of a Whale,4,B+,5
Bruni - Fire Salamander,4,B+,5
HeiHei - Protective Rooster,4,B+,5
Anna - Mystical Majesty,4,B+,5
Archimedes - Exasperated Owl,4,B+,5
Kuzco - Selfish Emperor,4,B+,5
The Library - A Gift for Belle,4,B+,5
Maximus - Team Champion,4,B+,5
Scar - Vengeful Lion,4,B+,5
Olaf - Happy Passenger,4,B+,5
Wreck-It Ralph - Admiral Underpants,4,B+,5
Mufasa - Ruler of Pride Rock,4,B+,5
Clarabelle - Contented Wallflower,4,B,5
White Rabbit - Royal Herald,4,B,5
Ratigan - Party Crasher,4,B,5
Sir Ector - Castle Lord,4,B,5
King Candy - Sweet Abomination,4,B,5
Simba - Lost Prince,4,B,5
Denahi - Avenging Brother,4,B,5
Daisy Duck - Spotless Food-Fighter,4,B,5
Gaston - Pure Paragon,4,B,5
Shenzi - Scar's Accomplice,4,B,5
Fauna - Good Fairy,4,B,5
Donald Duck - Focused Flatfoot,4,B,5
Doc - Bold Knight,4,B,5
Ludwig Von Drake - Self-Proclaimed Genius,4,B,5
Finders Keepers,4,B,5
Basil - Practiced Detective,4,B-,5
Archimedes - Electrified Owl,4,B-,5
Plate Armor,4,B-,5
Genie - Main Attraction,4,B-,5
Rafiki - Shaman Duelist,4,B-,5
Vanellope von Schweetz - Random Roster Racer,4,B-,5
Rudy - Groove Disrupter,4,B-,5
Vanellope von Schweetz - Sugar Rush Champ,4,B-,5
King Candy - Sovereign of Sugar,4,B-,5
Sven - Reindeer Steed,4,B-,5
Earth Giant - Living Mountain,4,B-,5
Shenzi - Head Hyena,4,B-,5
"Fix-It Felix, Jr. - Trusty Builder",4,B-,5
Happy - Lively Knight,4,B-,5
Gale - Wind Spirit,4,B-,5
Merlin - Turtle,4,B-,5
Stitch - Team Underdog,4,B-,5
Donald Duck - Pie Slinger,4,B-,5
Rutt - Northern Moose,4,B-,5
Mother Gothel - Conceited Manipulator,4,B-,5
Flora - Good Fairy,4,B-,5
Mirabel Madrigal - Family Gatherer,4,B-,5
Snow White - Fair‚ÄêHearted,3,C+,5
Pete - Steamboat Rival,3,C+,5
Turbo - Royal Hack,3,C+,5
Hypnotic Strength,3,C+,5
Snowanna Rainbeau - Cool Competitor,3,C+,5
Seven Dwarfs' Mine - Secure Fortress,3,C+,5
Emerald Chromicon,3,C+,5
Ruby Chromicon,3,C+,5
Invited to the Ball,3,C+,5
Yzma - Unjustly Treated,3,C+,5
Rapunzel's Tower - Secluded Prison,3,C+,5
Ed - Laughing Hyena,3,C+,5
Kronk - Unlicensed Investigator,3,C+,5
Merlin - Intellectual Visionary,3,C+,5
You're Welcome,3,C+,5
Ed - Hysterical Partygoer,3,C+,5
"Fix-It Felix, Jr. - Niceland Steward",3,C+,5
Iago - Fake Flamingo,3,C+,5
Scar - Betrayer,3,C+,5
Banzai - Gluttonous Predator,3,C+,5
Rancis Fluggerbutter - Chocolate Charger,3,C+,5
Tuke - Northern Moose,3,C+,5
Tug-Of-War,3,C+,5
Minnie Mouse - Dazzling Dancer,3,C+,5
Cogsworth - Illuminary Watchman,3,C+,5
Robin Hood - Sneaky Sleuth,3,C+,5
Vanellope von Schweetz - Candy Mechanic,3,C+,5
Maleficent - Vengeful Sorceress,3,C+,5
Taffyta Muttonfudge - Ruthless Rival,3,C+,5
Arthur - Wart,3,C+,5
Mickey Mouse - Food Fight Defender,3,C,5
Pete - Pastry Chomper,3,C,5
Simba - Adventurous Successor,3,C,5
Kronk - Head of Security,3,C,5
Healing Touch,3,C,5
Clarabelle - Clumsy Guest,3,C,5
Merryweather - Good Fairy,3,C,5
Minnie Mouse - Drum Major,3,C,5
Pete - Games Referee,3,C,5
Half Hexwell Crown,3,C,5
Minnie Mouse - Compassionate Friend,3,C,5
Vanellope von Schweetz - Sugar Rush Princess,3,C,5
Chaca - Impressive Daughter,3,C,5
Ulf - Mime,3,C,5
Amber Chromicon,3,C,5
Mickey Mouse - Enthusiastic Dancer,3,C,5
Tipo - Growing Son,3,C,5
Minnie Mouse - Quick-Thinking Inventor,3,C,5
King of Hearts - Monarch of Wonderland,3,C,5
Ratigan - Raging Rat,3,C,5
Simba - Son of Mufasa,3,C,5
Steel Chromicon,3,C,5
Glimmer VS Glimmer,3,C,5
Magical Aid,3,C,5
Gazelle - Pop Star,3,C,5
Pride Lands - Jungle Oasis,3,C,5
Prince John - Gold Lover,3,C,5
Robin Hood - Archery Contestant,3,C,5
Banzai - Taunting Hyena,2,C-,5
Healing Decanter,2,C-,5
Sneezy - Noisy Knight,2,C-,5
When Will My Life Begin?,2,C-,5
Maleficent - Formidable Queen,2,C-,5
Anna - Eager Acolyte,2,C-,5
Donald Duck - Daisy's Date,2,C-,5
Koda - Talkative Cub,2,C-,5
Magica De Spell - Cruel Sorceress,2,C-,5
Vision of the Future,2,C-,5
Tropical Rainforest - Jaguar Lair,2,C-,5
Taffyta Muttonfudge - Sour Speedster,2,C-,5
Night Howler Rage,2,C-,5
Ratigan's Party - Seedy Back Room,2,C-,5
Prince John's Mirror,2,C-,5
Bashful - Adoring Knight,2,C-,5
"Fix-It Felix, Jr. - Delighted Sightseer",2,C-,5
Kenai - Big Brother,2,C-,5
Lilo - Junior Cake Decorator,2,C-,5
Pacha - Emperor's Guide,2,C-,5
Prince John - Opportunistic Briber,2,C-,5
Prince Naveen - Ukulele Player,2,C-,5
Royal Guard - Bovine Protector,2,C-,5
Tanana - Wise Woman,2,C-,5
The Queen - Fairest of All,2,C-,5
Wreck-It Ralph - Demolition Dude,2,C-,5
Alan-a-Dale - Rockin' Rooster,2,C-,5
Bad-Anon - Villain Support Center,2,C-,5
Dopey - Knight Apprentice,2,C-,5
Duck For Cover!,2,C-,5
Ever as Before,2,C-,5
Hypnotic Deduction,2,C-,5
Retrosphere,2,C-,5
Merlin - Back from Bermuda,2,C-,5
Amethyst Chromicon,2,C-,5
Arthur - Novice Sparrow,1,D,5
Grumpy - Skeptical Knight,1,D,5
Nala - Mischievous Cub,1,D,5
Little John - Camp Cook,1,D,5
Sleepy - Sluggish Knight,1,D,5
Try Everything,1,D,5
Elsa's Ice Palace - Place of Solitude,1,D,5
Break Free,1,D,5
Potion of Might,1,D,5
Who's With Me?,1,D,5
Sherwood Forest - Outlaw Hideaway,1,D,5
Sheriff of Nottingham - Bushel Britches,1,D,5
Maleficent - Vexed Partygoer,1,D,5
Taffyta Muttonfudge - Crowd Favorite,1,D,5
Chicha - Dedicated Mother,1,D,5
Evil Comes Prepared,1,D,5
Shield of Arendelle,1,D,5
Food Fight!,1,D,5
Kristoff - Reindeer Keeper,1,D,5
Don't Let the Frostbite Bite,1,D,5
The Queen - Cruelest of All,1,D,5
Medal of Heroes,1,D,5
Queen's Sensor Core,1,D,5
Daisy Duck - Donald's Date,1,D,5
The Queen - Crown of the Council,1,D,5
Belle - Of the Ball,1,D,5
Robin Hood - Sharpshooter,1,D,5
Gathering Knowledge And Wisdom,0,F,5
Basil's Magnifying Glass,0,F,5
We Know The Way,0,F,5
Blast From Your Past,0,F,5
Remember Who You Are,0,F,5
Revive,0,F,5
Pete - Wrestling Champ,0,F,5
Hide Away,0,F,5
Obscurosphere,0,F,5
The Sword Released,0,F,5
The Great Illuminary - Radiant Ballroom,0,F,5
Sapphire Chromicon,0,F,5
Merlin's Cottage - The Wizard's Home,0,F,5
All Funned Out,0,F,5
Merlin's Carpetbag,0,F,5
Royal Tantrum,0,F,5
Sugar Rush Speedway - Starting Line,0,F,5