Card Name,Rating - Draftmancer,Rating - AF,Set,Source
Rapunzel - Gifted with Healing,5,A,1,Frank Karsten
Tinker Bell - Giant Fairy,5,A,1,Frank Karsten
Kuzco - Temperamental Emperor,5,A,1,Frank Karsten
Maui - Hero to All,5,A,1,Frank Karsten
Grab Your Sword,5,A,1,Frank Karsten
Genie - On the Job,5,A,1,Frank Karsten
The Queen - Wicked and Vain,5,A,1,Frank Karsten
Scar - Mastermind,5,A,1,Frank Karsten
Hades - Infernal Schemer,5,A,1,Frank Karsten
Maximus - Palace Horse,5,A,1,Frank Karsten
Dr. Facilier - Agent Provocateur,5,A,1,Frank Karsten
John Silver - Alien Pirate,5,A,1,Frank Karsten
Stitch - Carefree Surfer,5,A,1,Frank Karsten
Marshmallow - Persistent Guardian,5,A,1,Frank Karsten
Maleficent - Uninvited,5,A,1,Frank Karsten
Te Ka - Heartless,5,A,1,Frank Karsten
Mad Hatter - Gracious Host,4,B+,1,Frank Karsten
Jasmine - Queen of Agrabah,4,B+,1,Frank Karsten
Be Prepared,4,B+,1,Frank Karsten
Maximus - Relentless Pursuer,4,B+,1,Frank Karsten
Simba - Protective Cub,4,B+,1,Frank Karsten
Elsa - Spirit of Winter,4,B+,1,Frank Karsten
Elsa - Snow Queen,4,B+,1,Frank Karsten
Let It Go,4,B+,1,Frank Karsten
Flynn Rider - Charming Rogue,4,B+,1,Frank Karsten
Stitch - Rock Star,4,B+,1,Frank Karsten
Tinker Bell - Most Helpful,4,B+,1,Frank Karsten
Hades - Lord of the Underworld,4,B+,1,Frank Karsten
Dragon Fire,4,B+,1,Frank Karsten
Hans - Thirteenth in Line,4,B+,1,Frank Karsten
Aladdin - Heroic Outlaw,4,B+,1,Frank Karsten
Goofy - Daredevil,4,B+,1,Frank Karsten
Mufasa - King of the Pride Lands,4,B+,1,Frank Karsten
Stitch - Abomination,4,B+,1,Frank Karsten
Friends On The Other Side,4,B+,1,Frank Karsten
Tigger - Wonderful Thing,4,B+,1,Frank Karsten
Pongo - Ol' Rascal,3,B,1,Frank Karsten
Mulan - Imperial Soldier,3,B,1,Frank Karsten
Goofy - Musketeer,3,B,1,Frank Karsten
Cerberus - Three-Headed Dog,3,B,1,Frank Karsten
Robin Hood - Unrivaled Archer,3,B,1,Frank Karsten
Mother Gothel - Selfish Manipulator,3,B,1,Frank Karsten
Mickey Mouse - Detective,3,B,1,Frank Karsten
Chief Tui - Respected Leader,3,B,1,Frank Karsten
Hercules - True Hero,3,B,1,Frank Karsten
Maleficent - Sorceress,3,B,1,Frank Karsten
Mickey Mouse - Brave Little Tailor,3,B,1,Frank Karsten
Beast - Wolfsbane,3,B,1,Frank Karsten
Smash,3,B,1,Frank Karsten
Captain - Colonel's Lieutenant,3,B,1,Frank Karsten
Kronk - Right-Hand Man,3,B,1,Frank Karsten
Sven - Official Ice Deliverer,3,B,1,Frank Karsten
The Wardrobe - Belle's Confidant,3,B,1,Frank Karsten
Mickey Mouse - Steamboat Pilot,3,B,1,Frank Karsten
Rafiki - Mysterious Sage,3,B,1,Frank Karsten
Philoctetes - Trainer of Heroes,3,B,1,Frank Karsten
Jumba Jookiba - Renegade Scientist,3,B,1,Frank Karsten
Captain Hook - Forceful Duelist,3,B,1,Frank Karsten
Tinker Bell - Peter Pan's Ally,3,B,1,Frank Karsten
Aurora - Briar Rose,3,B,1,Frank Karsten
One Jump Ahead,2,B-,1,Frank Karsten
Jasper - Common Crook,2,B-,1,Frank Karsten
Triton - The Sea King,2,B-,1,Frank Karsten
Gramma Tala - Storyteller,2,B-,1,Frank Karsten
Fire The Cannons!,2,B-,1,Frank Karsten
Maleficent - Monstrous Dragon,2,B-,1,Frank Karsten
Beast - Hardheaded,2,B-,1,Frank Karsten
Pascal - Rapunzel's Companion,2,B-,1,Frank Karsten
Lantern,2,B-,1,Frank Karsten
Beast's Mirror,2,B-,1,Frank Karsten
Aurora - Dreaming Guardian,2,B-,1,Frank Karsten
Hans - Scheming Prince,2,B-,1,Frank Karsten
Tinker Bell - Tiny Tactician,2,B-,1,Frank Karsten
Ursula - Power Hungry,2,B-,1,Frank Karsten
Peter Pan - Never Landing,2,B-,1,Frank Karsten
Jetsam - Ursula's Spy,2,B-,1,Frank Karsten
Merlin - Self-Appointed Mentor,2,B-,1,Frank Karsten
Lefou - Instigator,2,B-,1,Frank Karsten
Stitch - New Dog,2,B-,1,Frank Karsten
Belle - Strange but Special,2,B-,1,Frank Karsten
Archimedes - Highly Educated Owl,1,C+,1,Frank Karsten
Flounder - Voice of Reason,1,C+,1,Frank Karsten
Goons - Maleficent's Underlings,1,C+,1,Frank Karsten
Sergeant Tibbs - Courageous Cat,1,C+,1,Frank Karsten
Duke of Weselton - Opportunistic Official,1,C+,1,Frank Karsten
Prince Eric - Dashing and Brave,1,C+,1,Frank Karsten
Donald Duck - Musketeer,1,C+,1,Frank Karsten
Heihei - Boat Snack,1,C+,1,Frank Karsten
You Have Forgotten Me,1,C+,1,Frank Karsten
Elsa - Queen Regent,1,C+,1,Frank Karsten
Genie - The Ever Impressive,1,C+,1,Frank Karsten
Donald Duck - Boisterous Fowl,1,C+,1,Frank Karsten
Minnie Mouse - Beloved Princess,1,C+,1,Frank Karsten
Jasmine - Disguised,1,C+,1,Frank Karsten
Mickey Mouse - True Friend,1,C+,1,Frank Karsten
Kristoff - Official Ice Master,1,C+,1,Frank Karsten
Jafar - Wicked Sorcerer,1,C+,1,Frank Karsten
Be Our Guest,1,C+,1,Frank Karsten
Cruella de Vil - Miserable as Usual,1,C+,1,Frank Karsten
Simba - Rightful Heir,1,C+,1,Frank Karsten
Jafar - Keeper of Secrets,1,C+,1,Frank Karsten
Mickey Mouse - Musketeer,1,C+,1,Frank Karsten
Cheshire Cat - Not All There,1,C+,1,Frank Karsten
Zeus - God of Lightning,1,C+,1,Frank Karsten
Aurora - Regal Princess,1,C,1,Frank Karsten
Te Ka - The Burning One,1,C,1,Frank Karsten
Mickey Mouse - Wayward Sorcerer,1,C,1,Frank Karsten
Mother Knows Best,1,C,1,Frank Karsten
Magic Mirror,1,C,1,Frank Karsten
Cinderella - Gentle and Kind,1,C,1,Frank Karsten
Maleficent - Sinister Visitor,1,C,1,Frank Karsten
Gaston - Arrogant Hunter,1,C,1,Frank Karsten
Captain Hook - Captain of the Jolly Roger,1,C,1,Frank Karsten
Simba - Future King,1,C,1,Frank Karsten
Yzma - Alchemist,1,C,1,Frank Karsten
Simba - Returned King,1,C,1,Frank Karsten
Megara - Pulling the Strings,1,C,1,Frank Karsten
Maurice - World-Famous Inventor,1,C,1,Frank Karsten
Maui - Demigod,1,C,1,Frank Karsten
Ariel - Spectacular Singer,1,C,1,Frank Karsten
Rapunzel - Letting Down Her Hair,1,C,1,Frank Karsten
Scepter of Arendelle,1,C,1,Frank Karsten
Develop Your Brain,1,C,1,Frank Karsten
Horace - No-Good Scoundrel,1,C,1,Frank Karsten
Peter Pan - Fearless Fighter,1,C,1,Frank Karsten
Prince Phillip - Dragonslayer,1,C,1,Frank Karsten
Pumbaa - Friendly Warthog,1,C,1,Frank Karsten
Mr. Smee - Loyal First Mate,1,C,1,Frank Karsten
Scar - Fiery Usurper,1,C,1,Frank Karsten
Dr. Facilier - Remarkable Gentleman,1,C,1,Frank Karsten
Starkey - Hook's Henchman,1,C,1,Frank Karsten
Mickey Mouse - Artful Rogue,1,C,1,Frank Karsten
Flotsam - Ursula's Spy,1,C,1,Frank Karsten
Ariel - On Human Legs,1,C,1,Frank Karsten
Lilo - Making a Wish,1,C,1,Frank Karsten
Maleficent - Biding Her Time,1,C,1,Frank Karsten
Captain Hook - Thinking a Happy Thought,1,C-,1,Frank Karsten
Moana - Of Motunui,1,C-,1,Frank Karsten
Genie - Powers Unleashed,1,C-,1,Frank Karsten
Aladdin - Cornered Swordsman,1,C-,1,Frank Karsten
Magic Broom - Bucket Brigade,1,C-,1,Frank Karsten
Lilo - Galactic Hero,1,C-,1,Frank Karsten
Tamatoa - So Shiny!,1,C-,1,Frank Karsten
Captain Hook - Ruthless Pirate,1,C-,1,Frank Karsten
Minnie Mouse - Always Classy,1,C-,1,Frank Karsten
Olaf - Friendly Snowman,1,C-,1,Frank Karsten
Ursula's Cauldron,1,C-,1,Frank Karsten
Fan the Flames,1,C-,1,Frank Karsten
Coconut Basket,1,C-,1,Frank Karsten
Stolen Scimitar,1,C-,1,Frank Karsten
Dr. Facilier - Charlatan,1,C-,1,Frank Karsten
Belle - Inventive Engineer,1,C-,1,Frank Karsten
Iago - Loud-Mouthed Parrot,1,C-,1,Frank Karsten
Eye of the Fates,1,C-,1,Frank Karsten
Vicious Betrayal,1,C-,1,Frank Karsten
Anna - Heir to Arendelle,1,C-,1,Frank Karsten
Donald Duck - Strutting His Stuff,1,C-,1,Frank Karsten
Abu - Mischievous Monkey,1,C-,1,Frank Karsten
Aladdin - Street Rat,1,C-,1,Frank Karsten
Lefou - Bumbler,1,C-,1,Frank Karsten
Control Your Temper!,1,C-,1,Frank Karsten
Elsa - Ice Surfer,1,C-,1,Frank Karsten
Moana - Chosen by the Ocean,1,C-,1,Frank Karsten
Timon - Grub Rustler,1,C-,1,Frank Karsten
Tamatoa - Drab Little Crab,1,C-,1,Frank Karsten
Fishbone Quill,1,C-,1,Frank Karsten
White Rabbit's Pocket Watch,1,C-,1,Frank Karsten
A Whole New World,1,C-,1,Frank Karsten
Aladdin - Prince Ali,0,D,1,Frank Karsten
Shield of Virtue,0,D,1,Frank Karsten
Part of Your World,0,D,1,Frank Karsten
Poisoned Apple,0,D,1,Frank Karsten
Hakuna Matata,0,D,1,Frank Karsten
Dinglehopper,0,D,1,Frank Karsten
Sebastian - Court Composer,0,D,1,Frank Karsten
Lady Tremaine - Wicked Stepmother,0,D,1,Frank Karsten
Scar - Shameless Firebrand,0,D,1,Frank Karsten
Gantu - Galactic Federation Captain,0,D,1,Frank Karsten
Magic Golden Flower,0,D,1,Frank Karsten
Plasma Blaster,0,D,1,Frank Karsten
He's Got a Sword!,0,D,1,Frank Karsten
Stampede,0,D,1,Frank Karsten
Sudden Chill,0,D,1,Frank Karsten
The Beast is Mine!,0,D,1,Frank Karsten
Ariel - Whoseit Collector,0,D,1,Frank Karsten
Healing Glow,0,D,1,Frank Karsten
Hades - King of Olympus,0,D,1,Frank Karsten
Work Together,0,D,1,Frank Karsten
Freeze,0,F,1,Frank Karsten
Sword of Truth,0,F,1,Frank Karsten
Just in Time,0,F,1,Frank Karsten
Cut to the Chase,0,F,1,Frank Karsten
Break,0,F,1,Frank Karsten
Frying Pan,0,F,1,Frank Karsten
Befuddle,0,F,1,Frank Karsten
Ransack,0,F,1,Frank Karsten
Reflection,0,F,1,Frank Karsten
Tangle,0,F,1,Frank Karsten
Steal from the Rich,0,F,1,Frank Karsten
Ursula's Shell Necklace,0,F,1,Frank Karsten
Do It Again!,0,F,1,Frank Karsten
Musketeer Tabard,0,F,1,Frank Karsten
Dr. Facilier's Cards,0,F,1,Frank Karsten
If it's not Baroque,0,F,1,Frank Karsten
Fairy Godmother - Mystic Armorer,5,A,2,Frank Karsten
Cogsworth - Grandfather Clock,5,A,2,Frank Karsten
Beast - Tragic Hero,5,A,2,Frank Karsten
Beast - Relentless,5,A,2,Frank Karsten
The Queen - Commanding Presence,5,A,2,Frank Karsten
Kronk - Junior Chipmunk,5,A,2,Frank Karsten
Yzma - Scary Beyond All Reason,5,A,2,Frank Karsten
Snow White - Well Wisher,5,A,2,Frank Karsten
Lady Tremaine - Imperious Queen,5,A,2,Frank Karsten
Beast - Selfless Protector,5,A,2,Frank Karsten
Queen of Hearts - Sensing Weakness,4,B+,2,Frank Karsten
Gaston - Intellectual Powerhouse,4,B+,2,Frank Karsten
Alice - Growing Girl,4,B+,2,Frank Karsten
Sisu - Divine Water Dragon,4,B+,2,Frank Karsten
Belle - Hidden Archer,4,B+,2,Frank Karsten
Hercules - Divine Hero,4,B+,2,Frank Karsten
Mufasa - Betrayed Leader,4,B+,2,Frank Karsten
Merlin - Rabbit,4,B+,2,Frank Karsten
Pacha - Village Leader,4,B+,2,Frank Karsten
Little John - Loyal Friend,4,B+,2,Frank Karsten
Jafar - Dreadnought,4,B+,2,Frank Karsten
Strength of a Raging Fire,4,B+,2,Frank Karsten
World's Greatest Criminal Mind,4,B+,2,Frank Karsten
Let the Storm Rage On,4,B+,2,Frank Karsten
Cinderella - Stouthearted,4,B+,2,Frank Karsten
Merlin - Crab,4,B+,2,Frank Karsten
Minnie Mouse - Stylish Surfer,4,B+,2,Frank Karsten
Lucifer - Cunning Cat,4,B+,2,Frank Karsten
Madam Mim - Fox,4,B+,2,Frank Karsten
Shere Khan - Menacing Predator,4,B+,2,Frank Karsten
Dr. Facilier - Fortune Teller,4,B+,2,Frank Karsten
HeiHei - Persistent Presence,4,B+,2,Frank Karsten
Peter Pan's Shadow - Not Sewn On,4,B+,2,Frank Karsten
Ray - Easygoing Firefly,4,B+,2,Frank Karsten
Scar - Vicious Cheater,3,B,2,Frank Karsten
Namaari - Nemesis,3,B,2,Frank Karsten
Rabbit - Reluctant Host,3,B,2,Frank Karsten
Flynn Rider - His Own Biggest Fan,3,B,2,Frank Karsten
Cobra Bubbles - Just a Social Worker,3,B,2,Frank Karsten
Madam Mim - Purple Dragon,3,B,2,Frank Karsten
Daisy Duck - Secret Agent,3,B,2,Frank Karsten
Winnie The Pooh - Hunny Wizard,3,B,2,Frank Karsten
Virana - Fang Chief,3,B,2,Frank Karsten
Card Soldiers - Full Deck,3,B,2,Frank Karsten
Happy - Good-Natured,3,B,2,Frank Karsten
Fairy Godmother - Pure Heart,3,B,2,Frank Karsten
Li Shang - Archery Instructor,3,B,2,Frank Karsten
Fairy Godmother - Here to Help,3,B,2,Frank Karsten
Yzma - Without Beauty Sleep,3,B,2,Frank Karsten
Donald Duck - Not Again!,3,B,2,Frank Karsten
Queen of Hearts - Capricious Monarch,3,B,2,Frank Karsten
Donald Duck - Deep-Sea Diver,3,B,2,Frank Karsten
Ratigan - Criminal Mastermind,3,B,2,Frank Karsten
Sleepy - Nodding Off,3,B,2,Frank Karsten
King Louie - Jungle VIP,3,B,2,Frank Karsten
Madam Mim - Snake,3,B,2,Frank Karsten
The Prince - Never Gives Up,3,B,2,Frank Karsten
Hypnotize,3,B,2,Frank Karsten
Mulan - Soldier in Training,2,B-,2,Frank Karsten
Tuk Tuk - Wrecking Ball,2,B-,2,Frank Karsten
Lumiere - Hotheaded Candelabra,2,B-,2,Frank Karsten
Pawpsicle,2,B-,2,Frank Karsten
Snow White - Lost in the Forest,2,B-,2,Frank Karsten
Ring The Bell,2,B-,2,Frank Karsten
Painting the Roses Red,2,B-,2,Frank Karsten
Fidget - Ratigan's Henchman,2,B-,2,Frank Karsten
Improvise,2,B-,2,Frank Karsten
The Queen - Regal Monarch,2,B-,2,Frank Karsten
Charge!,2,B-,2,Frank Karsten
Chip the Teacup - Gentle Soul,2,B-,2,Frank Karsten
Owl - Logical Lecturer,2,B-,2,Frank Karsten
Cruella De Vil - Perfectly Wretched,2,B-,2,Frank Karsten
Lawrence - Jealous Manservant,2,B-,2,Frank Karsten
Grand Pabbie - Oldest and Wisest,2,B-,2,Frank Karsten
Cheshire Cat - From the Shadows,2,B-,2,Frank Karsten
Raya - Leader of Heart,2,B-,2,Frank Karsten
Beast - Forbidding Recluse,1,C+,2,Frank Karsten
Grumpy - Bad-Tempered,1,C+,2,Frank Karsten
Felicia - Always Hungry,1,C+,2,Frank Karsten
Elsa - Gloves Off,1,C+,2,Frank Karsten
Cogsworth - Talking Clock,1,C+,2,Frank Karsten
Donald Duck - Perfect Gentleman,1,C+,2,Frank Karsten
Hercules - Hero in Training,1,C+,2,Frank Karsten
Boun - Precocious Entrepreneur,1,C+,2,Frank Karsten
Pinocchio - On the Run,1,C+,2,Frank Karsten
Rapunzel - Sunshine,1,C+,2,Frank Karsten
Basil - Great Mouse Detective,1,C+,2,Frank Karsten
Cruella De Vil - Fashionable Cruiser,1,C+,2,Frank Karsten
Christopher Robin - Adventurer,1,C+,2,Frank Karsten
Jafar - Royal Vizier,1,C+,2,Frank Karsten
Merlin - Goat,1,C+,2,Frank Karsten
Bashful - Hopeless Romantic,1,C+,2,Frank Karsten
Queen of Hearts - Impulsive Ruler,1,C+,2,Frank Karsten
Magic Broom - Industrial Model,1,C+,2,Frank Karsten
Piglet - Very Small Animal,1,C+,2,Frank Karsten
Blue Fairy - Rewarding Good Deeds,1,C+,2,Frank Karsten
Panic - Underworld Imp,1,C+,2,Frank Karsten
Minnie Mouse - Wide-Eyed Diver,1,C+,2,Frank Karsten
Grand Duke - Advisor to the King,1,C+,2,Frank Karsten
Rapunzel - Gifted Artist,1,C+,2,Frank Karsten
Namaari - Morning Mist,1,C+,2,Frank Karsten
Tiana - True Princess,1,C+,2,Frank Karsten
Mulan - Free Spirit,1,C+,2,Frank Karsten
Ratigan - Very Large Mouse,1,C+,2,Frank Karsten
Doc - Leader of the Seven Dwarfs,1,C+,2,Frank Karsten
Prince Charming - Heir to the Throne,1,C+,2,Frank Karsten
Dr. Facilier - Savvy Opportunist,1,C+,2,Frank Karsten
Teeth and Ambitions,1,C+,2,Frank Karsten
Sneezy - Very Allergic,1,C+,2,Frank Karsten
Chief Bogo - Respected Officer,1,C,2,Frank Karsten
Enchantress - Unexpected Judge,1,C,2,Frank Karsten
Kuzco - Wanted Llama,1,C,2,Frank Karsten
Basil - Of Baker Street,1,C,2,Frank Karsten
James - Role Model,1,C,2,Frank Karsten
Mother Gothel - Withered and Wicked,1,C,2,Frank Karsten
Eudora - Accomplished Seamstress,1,C,2,Frank Karsten
Baloo - Fun-Loving Bear,1,C,2,Frank Karsten
Prince Naveen - Penniless Royal,1,C,2,Frank Karsten
Cheshire Cat - Always Grinning,1,C,2,Frank Karsten
Caterpillar - Calm and Collected,1,C,2,Frank Karsten
Minnie Mouse - Zipping Around,1,C,2,Frank Karsten
Tigger - One of a Kind,1,C,2,Frank Karsten
Basil - Perceptive Investigator,1,C,2,Frank Karsten
Nothing to Hide,1,C,2,Frank Karsten
Winnie The Pooh - Having a Think,1,C,2,Frank Karsten
Nick Wilde - Wily Fox,1,C,2,Frank Karsten
Benja - Guardian of the Dragon Gem,1,C,2,Frank Karsten
Gumbo Pot,1,C,2,Frank Karsten
Arthur - Trained Swordsman,1,C,2,Frank Karsten
Robin Hood - Capable Fighter,1,C,2,Frank Karsten
Eli La Bouff - Big Daddy,1,C,2,Frank Karsten
Four Dozen Eggs,1,C,2,Frank Karsten
Cinderella - Knight in Training,1,C,2,Frank Karsten
Raya - Warrior of Kumandra,1,C,2,Frank Karsten
Mouse Armor,1,C,2,Frank Karsten
Go the Distance,1,C,2,Frank Karsten
Pete - Bad Guy,1,C,2,Frank Karsten
Flynn Rider - Confident Vagabond,1,C,2,Frank Karsten
Tiana - Diligent Waitress,1,C,2,Frank Karsten
Pinocchio - Star Attraction,1,C-,2,Frank Karsten
Hiram Flaversham - Toymaker,1,C-,2,Frank Karsten
Madam Mim - Rival of Merlin,1,C-,2,Frank Karsten
Mickey Mouse - Friendly Face,1,C-,2,Frank Karsten
Goofy - Knight for a Day,1,C-,2,Frank Karsten
Legend of the Sword in the Stone,1,C-,2,Frank Karsten
Last Cannon,1,C-,2,Frank Karsten
Bounce,1,C-,2,Frank Karsten
Last Stand,1,C-,2,Frank Karsten
Judy Hopps - Optimistic Officer,1,C-,2,Frank Karsten
Arthur - Wizard's Apprentice,1,C-,2,Frank Karsten
Dinner Bell,1,C-,2,Frank Karsten
The Huntsman - Reluctant Enforcer,1,C-,2,Frank Karsten
Gaston - Baritone Bully,1,C-,2,Frank Karsten
Merlin - Squirrel,1,C-,2,Frank Karsten
Nana - Darling Family Pet,1,C-,2,Frank Karsten
Bucky - Squirrel Squeak Tutor,1,C-,2,Frank Karsten
Tiana - Celebrating Princess,1,C-,2,Frank Karsten
Noi - Orphaned Thief,1,C-,2,Frank Karsten
Hold Still,1,C-,2,Frank Karsten
Jiminy Cricket - Pinocchio's Conscience,1,C-,2,Frank Karsten
Belle - Bookworm,1,C-,2,Frank Karsten
Pain - Underworld Imp,1,C-,2,Frank Karsten
Dopey - Always Playful,1,C-,2,Frank Karsten
Jasmine - Heir of Agrabah,1,C-,2,Frank Karsten
Weight Set,1,C-,2,Frank Karsten
Mulan - Reflecting,1,C-,2,Frank Karsten
Pack Tactics,1,C-,2,Frank Karsten
Duke Weaselton - Small-Time Crook,1,C-,2,Frank Karsten
Gaston - Scheming Suitor,1,C-,2,Frank Karsten
The Nokk - Water Spirit,0,D,2,Frank Karsten
Raya - Headstrong,0,D,2,Frank Karsten
Donald Duck - Sleepwalker,0,D,2,Frank Karsten
I'm Stuck!,0,D,2,Frank Karsten
You Can Fly!,0,D,2,Frank Karsten
What did you call me?,0,D,2,Frank Karsten
Merlin - Shapeshifter,0,D,2,Frank Karsten
Fang Crossbow,0,D,2,Frank Karsten
Cinderella - Ballroom Sensation,0,D,2,Frank Karsten
Sardine Can,0,D,2,Frank Karsten
Bibbidi Bobbidi Boo,0,D,2,Frank Karsten
Prince John - Greediest of All,0,D,2,Frank Karsten
Pick a Fight,0,D,2,Frank Karsten
Launch,0,D,2,Frank Karsten
Mrs. Judson - Housekeeper,0,D,2,Frank Karsten
Queen of Hearts - Quick-Tempered,0,D,2,Frank Karsten
Lady Tremaine - Overbearing Matriarch,0,D,2,Frank Karsten
Snow White - Unexpected Houseguest,0,D,2,Frank Karsten
Pinocchio - Talkative Puppet,0,D,2,Frank Karsten
The Most Diabolical Scheme,0,D,2,Frank Karsten
Dragon Gem,0,D,2,Frank Karsten
The Sorcerer's Spellbook,0,D,2,Frank Karsten
Honest John - Not That Honest,0,D,2,Frank Karsten
The Queen - Disguised Peddler,0,D,2,Frank Karsten
Falling Down the Rabbit Hole,0,D,2,Frank Karsten
Gruesome And Grim,0,F,2,Frank Karsten
Croquet Mallet,0,F,2,Frank Karsten
Binding Contract,0,F,2,Frank Karsten
Zero To Hero,0,F,2,Frank Karsten
Sword In The Stone,0,F,2,Frank Karsten
Perplexing Signposts,0,F,2,Frank Karsten
Peter Pan's Dagger,0,F,2,Frank Karsten
Sleepy's Flute,0,F,2,Frank Karsten
Maurice's Workshop,0,F,2,Frank Karsten
Ratigan's Marvelous Trap,0,F,2,Frank Karsten
Robin Hood - Champion of Sherwood,5,A,3,Frank Karsten
Hydra - Deadly Serpent,5,A,3,Frank Karsten
Madame Medusa - The Boss,5,A,3,Frank Karsten
Simba - Fighting Prince,5,A,3,Frank Karsten
And Then Along Came Zeus,5,A,3,Frank Karsten
Chernabog - Evildoer,5,A,3,Frank Karsten
Kida - Protector of Atlantis,5,A,3,Frank Karsten
Prince Eric - Expert Helmsman,5,A,3,Frank Karsten
Don Karnage - Prince of Pirates,4,B+,3,Frank Karsten
Maid Marian - Delightful Dreamer,4,B+,3,Frank Karsten
Maleficent - Mistress of All Evil,4,B+,3,Frank Karsten
Perdita - Devoted Mother,4,B+,3,Frank Karsten
Pyros - Lava Titan,4,B+,3,Frank Karsten
Helga Sinclair - Femme Fatale,4,B+,3,Frank Karsten
Peter Pan - Pirate's Bane,4,B+,3,Frank Karsten
Pluto - Determined Defender,4,B+,3,Frank Karsten
Robin Hood - Daydreamer,4,B+,3,Frank Karsten
Nani - Protective Sister,4,B+,3,Frank Karsten
Simba - Rightful King,4,B+,3,Frank Karsten
Mr. Snoops - Inept Businessman,4,B+,3,Frank Karsten
Captain Hook - Master Swordsman,4,B+,3,Frank Karsten
Genie - Supportive Friend,4,B+,3,Frank Karsten
Lyle Tiberius Rourke - Cunning Mercenary,4,B+,3,Frank Karsten
Mama Odie - Voice of Wisdom,4,B+,3,Frank Karsten
Mr. Smee - Bumbling Mate,3,B,3,Frank Karsten
Helga Sinclair - Right-Hand Woman,3,B,3,Frank Karsten
Jim Hawkins - Space Traveler,3,B,3,Frank Karsten
Eeyore - Overstuffed Donkey,3,B,3,Frank Karsten
Little John - Robin's Pal,3,B,3,Frank Karsten
Razoul - Palace Guard,3,B,3,Frank Karsten
Sir Hiss - Aggravating Asp,3,B,3,Frank Karsten
Gramma Tala - Keeper of Ancient Stories,3,B,3,Frank Karsten
Maui - Whale],3,B,3,Frank Karsten
King Louie - Bandleader,3,B,3,Frank Karsten
Pluto - Mickey's Clever Friend,3,B,3,Frank Karsten
Webby Vanderquack - Enthusiastic Duck,3,B,3,Frank Karsten
Kida - Royal Warrior,3,B,3,Frank Karsten
Alice - Tea Alchemist,3,B,3,Frank Karsten
Rolly - Hungry Pup,3,B,3,Frank Karsten
Magic Broom - Swift Cleaner,3,B,3,Frank Karsten
The Queen's Castle - Mirror Chamber,2,B-,3,Frank Karsten
Pongo - Determined Father,2,B-,3,Frank Karsten
Louie - Chill Nephew,2,B-,3,Frank Karsten
Stratos - Tornado Titan,2,B-,3,Frank Karsten
Billy Bones - Keeper of the Map,2,B-,3,Frank Karsten
Friar Tuck - Priest of Nottingham,2,B-,3,Frank Karsten
Motunui - Island Paradise,2,B-,3,Frank Karsten
Ursula - Sea Witch,2,B-,3,Frank Karsten
Mufasa - Champion of the Pride Lands,2,B-,3,Frank Karsten
Lucky - The 15th Puppy,2,B-,3,Frank Karsten
Chernabog's Followers - Creatures of Evil,2,B-,3,Frank Karsten
Stitch - Covert Agent,2,B-,3,Frank Karsten
Stitch - Little Rocket,2,B-,3,Frank Karsten
Gustav the Giant - Terror of the Kingdom,2,B-,3,Frank Karsten
Ariel - Adventurous Collector,2,B-,3,Frank Karsten
Flintheart Glomgold - Lone Cheater,2,B-,3,Frank Karsten
Magic Carpet - Flying Rug,2,B-,3,Frank Karsten
Moana - Undeterred Voyager,2,B-,3,Frank Karsten
Iago - Pretty Polly,2,B-,3,Frank Karsten
Wildcat - Mechanic,2,B-,3,Frank Karsten
Ba-Boom!,2,B-,3,Frank Karsten
Lythos - Rock Titan,2,B-,3,Frank Karsten
John Silver - Greedy Treasure Seeker,2,B-,3,Frank Karsten
Rufus - Orphanage Cat,2,B-,3,Frank Karsten
Della Duck - Unstoppable Mom,2,B-,3,Frank Karsten
Distract,2,B-,3,Frank Karsten
Maui's Place of Exile - Hidden Island,2,B-,3,Frank Karsten
Patch - Intimidating Pup,2,B-,3,Frank Karsten
Milo Thatch - King of Atlantis,1,C+,3,Frank Karsten
Hades - Hotheaded Ruler,1,C+,3,Frank Karsten
Cursed Merfolk - Ursula's Handiwork,1,C+,3,Frank Karsten
HeiHei - Accidental Explorer,1,C+,3,Frank Karsten
Piglet - Pooh Pirate Captain,1,C+,3,Frank Karsten
Little John - Resourceful Outlaw,1,C+,3,Frank Karsten
Wendy Darling - Authority on Peter Pan,1,C+,3,Frank Karsten
Dalmatian Puppy - Tail Wagger,1,C+,3,Frank Karsten
Magica De Spell - Ambitious Witch,1,C+,3,Frank Karsten
Heart of Atlantis,1,C+,3,Frank Karsten
Gramma Tala - Spirit of the Ocean,1,C+,3,Frank Karsten
Hydros - Ice Titan,1,C+,3,Frank Karsten
Dewey - Showy Nephew,1,C+,3,Frank Karsten
Kit Cloudkicker - Tough Guy,1,C+,3,Frank Karsten
Nala - Fierce Friend,1,C+,3,Frank Karsten
Robin Hood - Beloved Outlaw,1,C+,3,Frank Karsten
Kida - Atlantean,1,C+,3,Frank Karsten
Milo Thatch - Clever Cartographer,1,C+,3,Frank Karsten
Starkey - Devious Pirate,1,C+,3,Frank Karsten
Heal What Has Been Hurt,1,C+,3,Frank Karsten
Huey - Savvy Nephew,1,C+,3,Frank Karsten
Ursula - Deceiver of All,1,C+,3,Frank Karsten
Bernard - Brand-New Agent,1,C+,3,Frank Karsten
Thaddeus E. Klang - Metallic Leader,1,C+,3,Frank Karsten
Cubby - Mighty Lost Boy,1,C+,3,Frank Karsten
Nutsy - Vulture Henchman,1,C+,3,Frank Karsten
Jafar - Striking Illusionist,1,C+,3,Frank Karsten
Helga Sinclair - Vengeful Partner,1,C+,3,Frank Karsten
Chief Tui - Proud of Motunui,1,C+,3,Frank Karsten
Rafiki - Mystical Fighter,1,C+,3,Frank Karsten
Slightly - Lost Boy,1,C+,3,Frank Karsten
Jim Hawkins - Thrill Seeker,1,C,3,Frank Karsten
Queen of Hearts - Wonderland Empress,1,C,3,Frank Karsten
The Queen - Hateful Rival,1,C,3,Frank Karsten
How Far I'll Go,1,C,3,Frank Karsten
McDuck Manor - Scrooge's Mansion,1,C,3,Frank Karsten
Moana - Born Leader,1,C,3,Frank Karsten
Flotsam - Riffraff,1,C,3,Frank Karsten
Joshua Sweet - The Doctor,1,C,3,Frank Karsten
Sumerian Talisman,1,C,3,Frank Karsten
Zazu - Steward of the Pride Lands,1,C,3,Frank Karsten
Genie - Cramped in the Lamp,1,C,3,Frank Karsten
Magica De Spell - Thieving Sorceress,1,C,3,Frank Karsten
Pua - Potbellied Buddy,1,C,3,Frank Karsten
Captain Hook's Rapier,1,C,3,Frank Karsten
Strike a Good Match,1,C,3,Frank Karsten
Tinker Bell - Generous Fairy,1,C,3,Frank Karsten
The Firebird - Force of Destruction,1,C,3,Frank Karsten
Morph - Space Goo,1,C,3,Frank Karsten
Pride Lands - Pride Rock,1,C,3,Frank Karsten
Scroop - Backstabber,1,C,3,Frank Karsten
Kit Cloudkicker - Navigator,1,C,3,Frank Karsten
Robin's Bow,1,C,3,Frank Karsten
Forbidden Mountain - Maleficent's Castle,1,C,3,Frank Karsten
Mickey Mouse - Stalwart Explorer,1,C,3,Frank Karsten
The Queen - Mirror Seeker,1,C,3,Frank Karsten
Last-Ditch Effort,1,C,3,Frank Karsten
Milo Thatch - Spirited Scholar,1,C,3,Frank Karsten
Rise of the Titans,1,C,3,Frank Karsten
De Vil Manor - Cruella's Estate,1,C,3,Frank Karsten
Never Land - Mermaid Lagoon,1,C,3,Frank Karsten
Nottingham - Prince John's Castle,1,C,3,Frank Karsten
Baloo - von Bruinwald XIII,1,C,3,Frank Karsten
Peter Pan - Lost Boy Leader,1,C,3,Frank Karsten
Simba - Scrappy Cub,1,C-,3,Frank Karsten
Diablo - Faithful Pet,1,C-,3,Frank Karsten
Prince John - Phony King,1,C-,3,Frank Karsten
Wendy Darling - Talented Sailor,1,C-,3,Frank Karsten
Captain Amelia - First in Command,1,C-,3,Frank Karsten
Fang - River City,1,C-,3,Frank Karsten
Kuzco's Palace - Home of the Emperor,1,C-,3,Frank Karsten
Magic Broom - The Big Sweeper,1,C-,3,Frank Karsten
Ursula - Deceiver,1,C-,3,Frank Karsten
Audrey Ramirez - The Engineer,1,C-,3,Frank Karsten
Kakamora - Menacing Sailor,1,C-,3,Frank Karsten
Orville - Ace Pilot,1,C-,3,Frank Karsten
RLS Legacy - Solar Galleon,1,C-,3,Frank Karsten
Trigger - Not-So-Sharp Shooter,1,C-,3,Frank Karsten
Maui's Fish Hook,1,C-,3,Frank Karsten
Shenzi - Hyena Pack Leader,1,C-,3,Frank Karsten
Lena Sabrewing - Rebellious Teenager,1,C-,3,Frank Karsten
99 Puppies,1,C-,3,Frank Karsten
Agrabah - Marketplace,1,C-,3,Frank Karsten
Jafar - Lamp Thief,1,C-,3,Frank Karsten
Minnie Mouse - Musical Artist,1,C-,3,Frank Karsten
I Will Find My Way,1,C-,3,Frank Karsten
It Calls Me,1,C-,3,Frank Karsten
Cleansing Rainwater,1,C-,3,Frank Karsten
Boss's Orders,1,C-,3,Frank Karsten
Heart of Te Fiti,1,C-,3,Frank Karsten
Scrooge McDuck - Richest Duck in the World,1,C-,3,Frank Karsten
Jetsam - Riffraff,1,C-,3,Frank Karsten
Maui - Soaring Demigod,1,C-,3,Frank Karsten
The Sorcerer's Tower - Wondrous Workspace,1,C-,3,Frank Karsten
Tiana's Palace - Jazz Restaurant,1,C-,3,Frank Karsten
Bestow a Gift,1,C-,3,Frank Karsten
Minnie Mouse - Funky Spelunker,1,C-,3,Frank Karsten
Treasure Guardian - Protector of the Cave,1,C-,3,Frank Karsten
Lucky Dime,1,C-,3,Frank Karsten
Pluto - Friendly Pooch,0,D,3,Frank Karsten
Skippy - Energetic Rabbit,0,D,3,Frank Karsten
Magica De Spell - The Midas Touch,0,D,3,Frank Karsten
The Bayou - Mysterious Swamp,0,D,3,Frank Karsten
Aurelian Gyrosensor,0,D,3,Frank Karsten
Sheriff of Nottingham - Corrupt Official,0,D,3,Frank Karsten
Peter Pan - Never Land Hero,0,D,3,Frank Karsten
Scrooge McDuck - Uncle Moneybags,0,D,3,Frank Karsten
Miss Bianca - Rescue Aid Society Agent,0,D,3,Frank Karsten
Tinker Bell - Very Clever Fairy,0,D,3,Frank Karsten
Olympus Would Be That Way,0,D,3,Frank Karsten
The Bare Necessities,0,D,3,Frank Karsten
Gizmosuit,0,D,3,Frank Karsten
Has Set My Heaaaaaaart...,0,D,3,Frank Karsten
Mickey Mouse - Trumpeter,0,D,3,Frank Karsten
Vault Door,0,D,3,Frank Karsten
Mama Odie - Mystical Maven,0,D,3,Frank Karsten
Gyro Gearloose - Gadget Whiz],0,D,3,Frank Karsten
[[I've Got a Dream],0,D,3,Frank Karsten
Repair,0,D,3,Frank Karsten
The Boss Is on a Roll,0,D,3,Frank Karsten
The Lamp,0,D,3,Frank Karsten
Jolly Roger - Hook's Ship,0,D,3,Frank Karsten
Quick Patch,0,D,3,Frank Karsten
Wildcat's Wrench,0,D,3,Frank Karsten
Magic Broom - Dancing Duster,0,D,3,Frank Karsten
Voyage,0,D,3,Frank Karsten
Map of Treasure Planet,0,D,3,Frank Karsten
Kit Cloudkicker - Spunky Bear Cub,0,F,3,Frank Karsten
Divebomb,0,F,3,Frank Karsten
Belle's House - Maurice's Workshop,0,F,3,Frank Karsten
Friend Like Me,0,F,3,Frank Karsten
On Your Feet! Now!,0,F,3,Frank Karsten
Airfoil,0,F,3,Frank Karsten
The Sorcerer's Hat,0,F,3,Frank Karsten
Scrooge's Top Hat,0,F,3,Frank Karsten
Starlight Vial,0,F,3,Frank Karsten
Belle - Accomplished Mystic,5,A,4,Frank Karsten
Diablo - Devoted Herald,5,A,4,Frank Karsten
Cri-Kee - Lucky Cricket,5,A,4,Frank Karsten
Hercules - Beloved Hero,5,A,4,Frank Karsten
Raya - Unstoppable Force,5,A,4,Frank Karsten
Isabela Madrigal - Golden Child,5,A,4,Frank Karsten
Piglet - Sturdy Swordsman,5,A,4,Frank Karsten
Mulan - Elite Archer,5,A,4,Frank Karsten
Ursula - Sea Witch Queen,5,A,4,Frank Karsten
Chien-Po - Imperial Soldier,4,B+,4,Frank Karsten
Goofy - Super Goof,4,B+,4,Frank Karsten
Ariel - Sonic Warrior,4,B+,4,Frank Karsten
Tick-Tock - Ever-Present Pursuer,4,B+,4,Frank Karsten
Sisu - Emboldened Warrior,4,B+,4,Frank Karsten
Jasmine - Desert Warrior,4,B+,4,Frank Karsten
Pluto - Rescue Dog,4,B+,4,Frank Karsten
Sisu - Wise Friend,4,B+,4,Frank Karsten
Flynn Rider - Frenemy,4,B+,4,Frank Karsten
"Flotsam - Ursula's ""Baby""",4,B+,4,Frank Karsten
Julieta Madrigal - Excellent Cook,4,B+,4,Frank Karsten
We Don't Talk About Bruno,4,B+,4,Frank Karsten
Medallion Weights,4,B+,4,Frank Karsten
Noi - Acrobatic Baby,4,B+,4,Frank Karsten
Bruno Madrigal - Out of the Shadows,4,B+,4,Frank Karsten
Gaston - Despicable Dealer,3,B,4,Frank Karsten
Luisa Madrigal - Rock of the Family,3,B,4,Frank Karsten
Dolores Madrigal - Easy Listener,3,B,4,Frank Karsten
Tor - Florist,3,B,4,Frank Karsten
Rapunzel - Appreciative Artist,3,B,4,Frank Karsten
Pegasus - Cloud Racer,3,B,4,Frank Karsten
Pegasus - Gift for Hercules,3,B,4,Frank Karsten
Li Shang - Imperial Captain,3,B,4,Frank Karsten
Minnie Mouse - Musketeer Champion,3,B,4,Frank Karsten
Prince Eric - Seafaring Prince,3,B,4,Frank Karsten
Antonio Madrigal - Animal Expert,3,B,4,Frank Karsten
Belle - Untrained Mystic,3,B,4,Frank Karsten
"Jetsam - Ursula's ""Baby""",3,B,4,Frank Karsten
Hercules - Clumsy Kid,3,B,4,Frank Karsten
Lumiere - Fiery Friend,3,B,4,Frank Karsten
Nessus - River Guardian,3,B,4,Frank Karsten
Pegasus - Flying Steed,3,B,4,Frank Karsten
Elsa - Storm Chaser,3,B,4,Frank Karsten
Namaari - Heir of Fang,3,B,4,Frank Karsten
Heihei - Bumbling Rooster,3,B,4,Frank Karsten
Brawl,3,B,4,Frank Karsten
Cogsworth - Majordomo,2,B-,4,Frank Karsten
Look at this Family,2,B-,4,Frank Karsten
Hades - Meticulous Plotter,2,B-,4,Frank Karsten
Mulan - Armored Fighter,2,B-,4,Frank Karsten
The Mob Song,2,B-,4,Frank Karsten
Camilo Madrigal - Prankster,2,B-,4,Frank Karsten
Tuk Tuk - Lively Partner,2,B-,4,Frank Karsten
Mickey Mouse - Leader of the Band,2,B-,4,Frank Karsten
Magic Broom - Aerial Cleaner,2,B-,4,Frank Karsten
Mirabel Madrigal - Gift of the Family,2,B-,4,Frank Karsten
Luisa Madrigal - Magically Strong One,2,B-,4,Frank Karsten
Donald Duck - Buccaneer,2,B-,4,Frank Karsten
Mickey Mouse - Playful Sorcerer,2,B-,4,Frank Karsten
Daisy Duck - Musketeer Spy,2,B-,4,Frank Karsten
Jaq - Connoisseur of Climbing,2,B-,4,Frank Karsten
Megara - Captivating Cynic,2,B-,4,Frank Karsten
Raya - Fierce Protector,2,B-,4,Frank Karsten
Peter Pan - Shadow Finder,1,C+,4,Frank Karsten
Lefou - Opportunistic Flunky,1,C+,4,Frank Karsten
Magic Broom - Brigade Commander,1,C+,4,Frank Karsten
Stitch - Alien Dancer,1,C+,4,Frank Karsten
Hercules - Daring Demigod,1,C+,4,Frank Karsten
Yao - Imperial Soldier,1,C+,4,Frank Karsten
Second Star to the Right,1,C+,4,Frank Karsten
Donald Duck - Musketeer Soldier,1,C+,4,Frank Karsten
Prince Eric - Ursula's Groom,1,C+,4,Frank Karsten
Bruno Madrigal - Undetected Uncle,1,C+,4,Frank Karsten
Philoctetes - No-Nonsense Instructor,1,C+,4,Frank Karsten
Felix Madrigal - Fun-Loving Family Man,1,C+,4,Frank Karsten
Pain - Immortal Sidekick,1,C+,4,Frank Karsten
Mickey Mouse - Standard Bearer,1,C+,4,Frank Karsten
Agustin Madrigal - Clumsy Dad,1,C+,4,Frank Karsten
Gus - Champion of Cheese,1,C+,4,Frank Karsten
Megara - Liberated One,1,C+,4,Frank Karsten
Li Shang - General's Son,1,C+,4,Frank Karsten
Flotsam & Jetsam - Entangling Eels,1,C+,4,Frank Karsten
Tong - Survivor,1,C+,4,Frank Karsten
Be King Undisputed,1,C+,4,Frank Karsten
Tuk Tuk - Curious Partner,1,C+,4,Frank Karsten
Arges - The Cyclops,1,C+,4,Frank Karsten
Great Stone Dragon,1,C+,4,Frank Karsten
Zeus - Mr. Lightning Bolts,1,C+,4,Frank Karsten
Mickey Mouse - Musketeer Captain,1,C+,4,Frank Karsten
Prince Phillip - Gallant Defender,1,C+,4,Frank Karsten
Winter Camp - Medical Tent,1,C+,4,Frank Karsten
Ursula - Mad Sea Witch,1,C+,4,Frank Karsten
Ursula's Garden - Full of the Unfortunate,1,C+,4,Frank Karsten
Iduna - Caring Mother,1,C+,4,Frank Karsten
Transformed Chef - Castle Stove,1,C+,4,Frank Karsten
Ling - Imperial Soldier,1,C+,4,Frank Karsten
Rajah - Royal Protector,1,C+,4,Frank Karsten
Ursula - Eric's Bride,1,C+,4,Frank Karsten
Magic Broom - Illuminary Keeper,1,C+,4,Frank Karsten
Dang Hu - Talon Chief,1,C+,4,Frank Karsten
Hans - Noble Scoundrel,1,C+,4,Frank Karsten
Olaf - Carrot Enthusiast,1,C+,4,Frank Karsten
Pascal - Inquisitive Pet,1,C,4,Frank Karsten
Max - Loyal Sheepdog,1,C,4,Frank Karsten
Li Shang - Valorous General,1,C,4,Frank Karsten
Anna - True-Hearted,1,C,4,Frank Karsten
The Queen - Diviner,1,C,4,Frank Karsten
Triton - Young Prince,1,C,4,Frank Karsten
Chi-Fu - Imperial Advisor,1,C,4,Frank Karsten
Mirabel Madrigal - Prophecy Finder,1,C,4,Frank Karsten
The Underworld - River Styx,1,C,4,Frank Karsten
Pico - Helpful Toucan,1,C,4,Frank Karsten
Khan - Beloved Steed,1,C,4,Frank Karsten
Olaf - Trusting Companion,1,C,4,Frank Karsten
Aladdin - Brave Rescuer,1,C,4,Frank Karsten
Beast - Thick-Skinned,1,C,4,Frank Karsten
Mrs. Potts - Enchanted Teapot,1,C,4,Frank Karsten
The Muses - Proclaimers of Heroes,1,C,4,Frank Karsten
Mulan - Injured Soldier,1,C,4,Frank Karsten
Anna - Braving the Storm,1,C,4,Frank Karsten
John Silver - Terror of the Realm,1,C,4,Frank Karsten
Pepa Madrigal - Weather Maker,1,C,4,Frank Karsten
Magical Maid - Feather Duster,1,C,4,Frank Karsten
Ursula's Lair - Eye of the Storm,1,C,4,Frank Karsten
Fa Li - Mulan's Mother,1,C,4,Frank Karsten
Daisy Duck - Lovely Lady,1,C,4,Frank Karsten
Aladdin - Resolute Swordsman,1,C,4,Frank Karsten
Ariel - Determined Mermaid,1,C,4,Frank Karsten
Gunther - Interior Designer,1,C,4,Frank Karsten
Sisu - Daring Visitor,1,C,4,Frank Karsten
The Fates - Only One Eye,1,C,4,Frank Karsten
Ariel - Treasure Collector,1,C,4,Frank Karsten
Triton - Discerning King,1,C,4,Frank Karsten
Fortisphere,1,C,4,Frank Karsten
A Pirate's Life,1,C,4,Frank Karsten
Thebes - The Big Olive,1,C,4,Frank Karsten
Ursula - Vanessa,1,C,4,Frank Karsten
Lost in the Woods,1,C-,4,Frank Karsten
Training Grounds - Impossible Pillar,1,C-,4,Frank Karsten
Magic Broom - Lively Sweeper,1,C-,4,Frank Karsten
Panic - Immortal Sidekick,1,C-,4,Frank Karsten
Pete - Born to Cheat,1,C-,4,Frank Karsten
Pete - Rotten Guy,1,C-,4,Frank Karsten
Hidden Cove - Tranquil Haven,1,C-,4,Frank Karsten
Benja - Bold Uniter,1,C-,4,Frank Karsten
Mulan - Enemy of Entanglement,1,C-,4,Frank Karsten
Raya - Guardian of the Dragon Gem,1,C-,4,Frank Karsten
Dig a Little Deeper,1,C-,4,Frank Karsten
Ice Block,1,C-,4,Frank Karsten
One Last Hope,1,C-,4,Frank Karsten
Avalanche,1,C-,4,Frank Karsten
Ariel - Singing Mermaid,1,C-,4,Frank Karsten
Goofy - Musketeer Swordsman,1,C-,4,Frank Karsten
Marshmallow - Terrifying Snowman,1,C-,4,Frank Karsten
Hidden Inkcaster,1,C-,4,Frank Karsten
Aurora - Lore Guardian,1,C-,4,Frank Karsten
Vitalisphere,1,C-,4,Frank Karsten
Rose Lantern,1,C-,4,Frank Karsten
Prince Phillip - Warden of the Woods,1,C-,4,Frank Karsten
Seldom All They Seem,1,C-,4,Frank Karsten
Prince Phillip - Vanquisher of Foes,1,C-,4,Frank Karsten
Alma Madrigal - Family Matriarch,1,C-,4,Frank Karsten
Bruno's Return,1,C-,4,Frank Karsten
Yen Sid - Powerful Sorcerer,1,C-,4,Frank Karsten
Flounder - Collector's Companion,1,C-,4,Frank Karsten
Scuttle - Expert on Humans,1,C-,4,Frank Karsten
Under the Sea,1,C-,4,Frank Karsten
Snuggly Duckling - Disreputable Pub,1,C-,4,Frank Karsten
Triton's Decree,0,D,4,Frank Karsten
Triton's Trident,0,D,4,Frank Karsten
Casa Madrigal - Casita,0,D,4,Frank Karsten
Diablo - Maleficent's Spy,0,D,4,Frank Karsten
Hera - Queen of the Gods,0,D,4,Frank Karsten
Beast - Wounded,0,D,4,Frank Karsten
Imperial Proclamation,0,D,4,Frank Karsten
Aurora - Tranquil Princess,0,D,4,Frank Karsten
Imperial Bow,0,D,4,Frank Karsten
Vision Slab,0,D,4,Frank Karsten
Hades - Double Dealer,0,D,4,Frank Karsten
Glean,0,D,4,Frank Karsten
Cinderella - Melody Weaver,0,D,4,Frank Karsten
Make the Potion,0,D,4,Frank Karsten
Triton - Champion of Atlantica,0,D,4,Frank Karsten
Fa Zhou - Mulan's Father,0,D,4,Frank Karsten
Swing into Action,0,D,4,Frank Karsten
First Aid,0,D,4,Frank Karsten
Poor Unfortunate Souls,0,D,4,Frank Karsten
Mystical Rose,0,D,4,Frank Karsten
Ursula's Plan,0,D,4,Frank Karsten
"I Find 'em, I Flatten 'em!",0,D,4,Frank Karsten
Golden Harp - Enchanter of the Land,0,F,4,Frank Karsten
Miracle Candle,0,F,4,Frank Karsten
Record Player,0,F,4,Frank Karsten
Sisu - Empowered Sibling,3,B,4,Fortyborn
Atlantica - Concert Hall,0,F,4,Frank Karsten
Dodge!,0,F,4,Frank Karsten
Signed Contract,0,F,4,Frank Karsten
The Plank,0,F,4,Frank Karsten
RLS Legacy's Cannon,0,F,4,Frank Karsten
Ursula's Trickery,0,F,4,Frank Karsten
Ariel's Grotto - A Secret Place,0,F,4,Frank Karsten
The Wall - Border Fortress,0,F,4,Frank Karsten
Sign the Scroll,0,F,4,Frank Karsten
Treasures Untold,0,F,4,Frank Karsten
Field of Ice,0,F,4,Frank Karsten
Robin Hood - Timely Contestant,5,A,5,Frank Karsten
Madam Mim - Elephant,5,A,5,Frank Karsten
Scrooge McDuck - Afficionado of Antiquities,5,A,5,Frank Karsten
Camilo Madrigal - Family Copycat,5,A,5,Frank Karsten
Jafar - Tyrannical Hypnotist,5,A,5,Frank Karsten
Luisa Madrigal - Entertaining Muscle,5,A,5,Frank Karsten
Mother Gothel - Unwavering Schemer,5,A,5,Frank Karsten
Anna - Diplomatic Queen,5,A,5,Frank Karsten
Elsa - The Fifth Spirit,5,A,5,Frank Karsten
Maid Marian - Lady of the Lists,4,B+,5,Frank Karsten
The Nokk - Mythical Spirit,4,B+,5,Frank Karsten
Scroop - Odious Mutineer,4,B+,5,Frank Karsten
Arthur - King Victorious,4,B+,5,Frank Karsten
Moana - Determined Explorer,4,B+,5,Frank Karsten
Clarabelle - Light on Her Hooves,4,B+,5,Frank Karsten
Prince Phillip - Swordsman of the Realm,4,B+,5,Frank Karsten
Namaari - Resolute Daughter,4,B+,5,Frank Karsten
Zazu - Advisor to Mufasa,4,B+,5,Frank Karsten
Monstro - Whale of a Whale,4,B+,5,Frank Karsten
Bruni - Fire Salamander,4,B+,5,Frank Karsten
HeiHei - Protective Rooster,4,B+,5,Frank Karsten
Anna - Mystical Majesty,4,B+,5,Frank Karsten
Archimedes - Exasperated Owl,4,B+,5,Frank Karsten
Kuzco - Selfish Emperor,4,B+,5,Frank Karsten
The Library - A Gift for Belle,4,B+,5,Frank Karsten
Maximus - Team Champion,4,B+,5,Frank Karsten
Scar - Vengeful Lion,4,B+,5,Frank Karsten
Olaf - Happy Passenger,4,B+,5,Frank Karsten
Wreck‐It Ralph - Admiral Underpants,4,B+,5,Frank Karsten
Mufasa - Ruler of Pride Rock,4,B+,5,Frank Karsten
Clarabelle - Contented Wallflower,3,B,5,Frank Karsten
White Rabbit - Royal Herald,3,B,5,Frank Karsten
Ratigan - Party Crasher,3,B,5,Frank Karsten
Sir Ector - Castle Lord,3,B,5,Frank Karsten
King Candy - Sweet Abomination,3,B,5,Frank Karsten
Simba - Lost Prince,3,B,5,Frank Karsten
Denahi - Avenging Brother,3,B,5,Frank Karsten
Daisy Duck - Spotless Food‐Fighter,3,B,5,Frank Karsten
Gaston - Pure Paragon,3,B,5,Frank Karsten
Shenzi - Scar's Accomplice,3,B,5,Frank Karsten
Fauna - Good Fairy,3,B,5,Frank Karsten
Donald Duck - Focused Flatfoot,3,B,5,Frank Karsten
Doc - Bold Knight,3,B,5,Frank Karsten
Ludwig von Drake - Self‐Proclaimed Genius,3,B,5,Frank Karsten
Finders Keepers,3,B,5,Frank Karsten
Basil - Practiced Detective,2,B-,5,Frank Karsten
Archimedes - Electrified Owl,2,B-,5,Frank Karsten
Plate Armor,2,B-,5,Frank Karsten
Genie - Main Attraction,2,B-,5,Frank Karsten
Rafiki - Shaman Duelist,2,B-,5,Frank Karsten
Vanellope von Schweetz - Random Roster Racer,2,B-,5,Frank Karsten
Rudy - Groove Disrupter,2,B-,5,Frank Karsten
Vanellope von Schweetz - Sugar Rush Champ,2,B-,5,Frank Karsten
King Candy - Sovereign of Sugar,2,B-,5,Frank Karsten
Sven - Reindeer Steed,2,B-,5,Frank Karsten
Earth Giant - Living Mountain,2,B-,5,Frank Karsten
Shenzi - Head Hyena,2,B-,5,Frank Karsten
"Fix‐It Felix, Jr. - Trusty Builder",2,B-,5,Frank Karsten
Happy - Lively Knight,2,B-,5,Frank Karsten
Gale - Wind Spirit,2,B-,5,Frank Karsten
Merlin - Turtle,2,B-,5,Frank Karsten
Stitch - Team Underdog,2,B-,5,Frank Karsten
Donald Duck - Pie Slinger,2,B-,5,Frank Karsten
Rutt - Northern Moose,2,B-,5,Frank Karsten
Mother Gothel - Conceited Manipulator,2,B-,5,Frank Karsten
Flora - Good Fairy,2,B-,5,Frank Karsten
Mirabel Madrigal - Family Gatherer,2,B-,5,Frank Karsten
Snow White - Fair‐Hearted,1,C+,5,Frank Karsten
Pete - Steamboat Rival,1,C+,5,Frank Karsten
Turbo - Royal Hack,1,C+,5,Frank Karsten
Hypnotic Strength,1,C+,5,Frank Karsten
Snowanna Rainbeau - Cool Competitor,1,C+,5,Frank Karsten
Seven Dwarfs' Mine - Secure Fortress,1,C+,5,Frank Karsten
Emerald Chromicon,1,C+,5,Frank Karsten
Ruby Chromicon,1,C+,5,Frank Karsten
Invited to the Ball,1,C+,5,Frank Karsten
Yzma - Unjustly Treated,1,C+,5,Frank Karsten
Rapunzel's Tower - Secluded Prison,1,C+,5,Frank Karsten
Ed - Laughing Hyena,1,C+,5,Frank Karsten
Kronk - Unlicensed Investigator,1,C+,5,Frank Karsten
Merlin - Intellectual Visionary,1,C+,5,Frank Karsten
You're Welcome,1,C+,5,Frank Karsten
Ed - Hysterical Partygoer,1,C+,5,Frank Karsten
"Fix‐It Felix, Jr. - Niceland Steward",1,C+,5,Frank Karsten
Iago - Fake Flamingo,1,C+,5,Frank Karsten
Scar - Betrayer,1,C+,5,Frank Karsten
Banzai - Gluttonous Predator,1,C+,5,Frank Karsten
Rancis Fluggerbutter - Chocolate Charger,1,C+,5,Frank Karsten
Tuke - Northern Moose,1,C+,5,Frank Karsten
Tug‐of‐War,1,C+,5,Frank Karsten
Minnie Mouse - Dazzling Dancer,1,C+,5,Frank Karsten
Cogsworth - Illuminary Watchman,1,C+,5,Frank Karsten
Robin Hood - Sneaky Sleuth,1,C+,5,Frank Karsten
Vanellope von Schweetz - Candy Mechanic,1,C+,5,Frank Karsten
Maleficent - Vengeful Sorceress,1,C+,5,Frank Karsten
Taffyta Muttonfudge - Ruthless Rival,1,C+,5,Frank Karsten
Arthur - Wart,1,C+,5,Frank Karsten
Mickey Mouse - Food Fight Defender,1,C,5,Frank Karsten
Pete - Pastry Chomper,1,C,5,Frank Karsten
Simba - Adventurous Successor,1,C,5,Frank Karsten
Kronk - Head of Security,1,C,5,Frank Karsten
Healing Touch,1,C,5,Frank Karsten
Clarabelle - Clumsy Guest,1,C,5,Frank Karsten
Merryweather - Good Fairy,1,C,5,Frank Karsten
Minnie Mouse - Drum Major,1,C,5,Frank Karsten
Pete - Games Referee,1,C,5,Frank Karsten
Half Hexwell Crown,1,C,5,Frank Karsten
Minnie Mouse - Compassionate Friend,1,C,5,Frank Karsten
Vanellope von Schweetz - Sugar Rush Princess,1,C,5,Frank Karsten
Chaca - Impressive Daughter,1,C,5,Frank Karsten
Ulf - Mime,1,C,5,Frank Karsten
Amber Chromicon,1,C,5,Frank Karsten
Mickey Mouse - Enthusiastic Dancer,1,C,5,Frank Karsten
Tipo - Growing Son,1,C,5,Frank Karsten
Minnie Mouse - Quick-Thinking Inventor,1,C,5,Frank Karsten
King of Hearts - Monarch of Wonderland,1,C,5,Frank Karsten
Ratigan - Raging Rat,1,C,5,Frank Karsten
Simba - Son of Mufasa,1,C,5,Frank Karsten
Steel Chromicon,1,C,5,Frank Karsten
Glimmer vs Glimmer,1,C,5,Frank Karsten
Magical Aid,1,C,5,Frank Karsten
Gazelle - Pop Star,1,C,5,Frank Karsten
Pride Lands - Jungle Oasis,1,C,5,Frank Karsten
Prince John - Gold Lover,1,C,5,Frank Karsten
Robin Hood - Archery Contestant,1,C,5,Frank Karsten
Banzai - Taunting Hyena,1,C-,5,Frank Karsten
Healing Decanter,1,C-,5,Frank Karsten
Sneezy - Noisy Knight,1,C-,5,Frank Karsten
When Will My Life Begin?,1,C-,5,Frank Karsten
Maleficent - Formidable Queen,1,C-,5,Frank Karsten
Anna - Eager Acolyte,1,C-,5,Frank Karsten
Donald Duck - Daisy's Date,1,C-,5,Frank Karsten
Koda - Talkative Cub,1,C-,5,Frank Karsten
Magica De Spell - Cruel Sorceress,1,C-,5,Frank Karsten
Vision of the Future,1,C-,5,Frank Karsten
Tropical Rainforest - Jaguar Lair,1,C-,5,Frank Karsten
Taffyta Muttonfudge - Sour Speedster,1,C-,5,Frank Karsten
Night Howler Rage,1,C-,5,Frank Karsten
Ratigan's Party - Seedy Back Room,1,C-,5,Frank Karsten
Prince John's Mirror,1,C-,5,Frank Karsten
Bashful - Adoring Knight,1,C-,5,Frank Karsten
"Fix‐It Felix, Jr. - Delighted Sightseer",1,C-,5,Frank Karsten
Kenai - Big Brother,1,C-,5,Frank Karsten
Lilo - Junior Cake Decorator,1,C-,5,Frank Karsten
Pacha - Emperor's Guide,1,C-,5,Frank Karsten
Prince John - Opportunistic Briber,1,C-,5,Frank Karsten
Prince Naveen - Ukulele Player,1,C-,5,Frank Karsten
Royal Guard - Bovine Protector,1,C-,5,Frank Karsten
Tanana - Wise Woman,1,C-,5,Frank Karsten
The Queen - Fairest of All,1,C-,5,Frank Karsten
Wreck‐It Ralph - Demolition Dude,1,C-,5,Frank Karsten
Alan‐a‐Dale - Rockin' Rooster,1,C-,5,Frank Karsten
Bad‐Anon - Villain Support Center,1,C-,5,Frank Karsten
Dopey - Knight Apprentice,1,C-,5,Frank Karsten
Duck for Cover!,1,C-,5,Frank Karsten
Ever as Before,1,C-,5,Frank Karsten
Hypnotic Deduction,1,C-,5,Frank Karsten
Retrosphere,1,C-,5,Frank Karsten
Merlin - Back from Bermuda,1,C-,5,Frank Karsten
Amethyst Chromicon,1,C-,5,Frank Karsten
Arthur - Novice Sparrow,0,D,5,Frank Karsten
Grumpy - Skeptical Knight,0,D,5,Frank Karsten
Nala - Mischievous Cub,0,D,5,Frank Karsten
Little John - Camp Cook,0,D,5,Frank Karsten
Sleepy - Sluggish Knight,0,D,5,Frank Karsten
Try Everything,0,D,5,Frank Karsten
Elsa's Ice Palace - Place of Solitude,0,D,5,Frank Karsten
Break Free,0,D,5,Frank Karsten
Potion of Might,0,D,5,Frank Karsten
Who's With Me?,0,D,5,Frank Karsten
Sherwood Forest - Outlaw Hideaway,0,D,5,Frank Karsten
Sheriff of Nottingham - Bushel Britches,0,D,5,Frank Karsten
Maleficent - Vexed Partygoer,0,D,5,Frank Karsten
Taffyta Muttonfudge - Crowd Favorite,0,D,5,Frank Karsten
Chicha - Dedicated Mother,0,D,5,Frank Karsten
Evil Comes Prepared,0,D,5,Frank Karsten
Shield of Arendelle,0,D,5,Frank Karsten
Food Fight!,0,D,5,Frank Karsten
Kristoff - Reindeer Keeper,0,D,5,Frank Karsten
Don't Let the Frostbite Bite,0,D,5,Frank Karsten
The Queen - Cruelest of All,0,D,5,Frank Karsten
Medal of Heroes,0,D,5,Frank Karsten
Queen's Sensor Core,0,D,5,Frank Karsten
Daisy Duck - Donald's Date,0,D,5,Frank Karsten
The Queen - Crown of the Council,0,D,5,Frank Karsten
Belle - Of the Ball,0,D,5,Frank Karsten
Robin Hood - Sharpshooter,0,D,5,Frank Karsten
Gathering Knowledge and Wisdom,0,F,5,Frank Karsten
Basil's Magnifying Glass,0,F,5,Frank Karsten
We Know the Way,0,F,5,Frank Karsten
Blast From Your Past,0,F,5,Frank Karsten
Remember Who You Are,0,F,5,Frank Karsten
Revive,0,F,5,Frank Karsten
Pete - Wrestling Champ,0,F,5,Frank Karsten
Hide Away,0,F,5,Frank Karsten
Obscurosphere,0,F,5,Frank Karsten
The Sword Released,0,F,5,Frank Karsten
The Great Illuminary - Radiant Ballroom,0,F,5,Frank Karsten
Sapphire Chromicon,0,F,5,Frank Karsten
Merlin's Cottage - The Wizard's Home,0,F,5,Frank Karsten
All Funned Out,0,F,5,Frank Karsten
Merlin's Carpetbag,0,F,5,Frank Karsten
Royal Tantrum,0,F,5,Frank Karsten
Sugar Rush Speedway - Starting Line,0,F,5,Frank Karsten