Card Name,Set,"Rating 
(A-F)","Rating
(Draftmancer)",Source
Agustin Madrigal,4,C,3,Fortyborn
Cogsworth - Majordomo,4,B-,4,Fortyborn
Daisy Duck - Lovely Lady,4,C,3,Fortyborn
Daisy Duck - Musketeer Spy,4,C+,3,Fortyborn
Donald Duck - Musketeer Soldier,4,C+,3,Fortyborn
Félix Madrigal - Fun-Loving Family Man,4,C,3,Fortyborn
Julieta Madrigal - Excellent Cook,4,B-,4,Fortyborn
Max,4,C,3,Fortyborn
Mickey Mouse - Leader of the Band,4,B-,4,Fortyborn
Mirabel Madrigal - Prophecy Finder,4,C,3,Fortyborn
Pluto - Rescue Dog,4,B-,4,Fortyborn
Prince Eric - Seafaring Prince,4,C+,3,Fortyborn
Prince Eric - Ursula's Groom,4,B-/C+,4,Fortyborn
Stitch - Alien Dancer,4,C,3,Fortyborn
Ursula - Vanessa,4,C,3,Fortyborn
Bruno's Return,4,B-,4,Fortyborn
First Aid,4,F,0,Fortyborn
Lost in the Woods,4,C+,3,Fortyborn
Sign The Scroll,4,F,0,Fortyborn
Record Player,4,F,0,Fortyborn
Atlantica,4,F,0,Fortyborn
Antonio Madrigal,4,C,3,Fortyborn
Belle - Untrained Mystic,4,C+,3,Fortyborn
Camilo Madrigal - Prankster,4,B-,4,Fortyborn
Dolores Madrigal - Easy Listener,4,B,4,Fortyborn
"Flotsam - Ursula's ""Baby""",4,B,4,Fortyborn
Flotsam & Jetsam - Entangling Eels,4,C,3,Fortyborn
"Jetsam - Ursula's ""Baby""",4,C+,3,Fortyborn
Luisa Madrigal - Magically Strong One,4,B,4,Fortyborn
Magic Broom - Illuminary Keeper,4,C+,3,Fortyborn
Magic Broom - Lively Sweeper,4,C-,2,Fortyborn
Magical Maid,4,C,3,Fortyborn
Marshmallow,4,D,1,Fortyborn
Pico,4,C,3,Fortyborn
Tick-Tock - Ever-Present Pursuer,4,C+,3,Fortyborn
Ursula - Mad Sea Witch,4,C+,3,Fortyborn
Poor Unfortunate Souls,4,D+,1,Fortyborn
Swing Into Action,4,D-,1,Fortyborn
Ursula's Plan,4,F,0,Fortyborn
Rose Lantern,4,C+,3,Fortyborn
Triton's Trident,4,F,0,Fortyborn
Casa Madrigal,4,F,0,Fortyborn
Diablo - Maleficent's Spy,4,D+,1,Fortyborn
Gunther,4,B-/C+,4,Fortyborn
Gus - Champion of Cheese,4,C,3,Fortyborn
Heihei - Bumbling Rooster,4,C+,3,Fortyborn
Jaq,4,B-,4,Fortyborn
Megara - Captivating Cynic,4,D+,1,Fortyborn
Megara - Liberated One,4,C,3,Fortyborn
Pain,4,C,3,Fortyborn
Panic,4,C-,2,Fortyborn
Pegasus - Cloud Racer,4,B-,4,Fortyborn
Pegasus - Gift for Hercules,4,C,3,Fortyborn
Pete,4,C-,2,Fortyborn
The Fates,4,C-,2,Fortyborn
Tor,4,C+,3,Fortyborn
Dodge,4,F,0,Fortyborn
Make the Potion,4,B,4,Fortyborn
Ursula's Trickery,4,C+,3,Fortyborn
Hidden Inkcaster,4,C-,2,Fortyborn
Signed Contract,4,D-/F,1,Fortyborn
Vision Slab,4,D+,1,Fortyborn
Hidden Cove,4,C-,2,Fortyborn
Beast - Wounded,4,C-,2,Fortyborn
Benja,4,C,3,Fortyborn
Fa Zhou,4,D-,1,Fortyborn
Hercules - Clumsy Kid,4,B-,4,Fortyborn
Hercules - Daring Demigod,4,B,4,Fortyborn
Khan,4,C,3,Fortyborn
Li Shang - General's Son,4,C,3,Fortyborn
Li Shang - Valorous General,4,C+,3,Fortyborn
Mulan - Enemy of Entanglement,4,D+,1,Fortyborn
Mulan - Injured Soldier,4,C-,2,Fortyborn
Nessus,4,B-,4,Fortyborn
Pegasus,4,B-,4,Fortyborn
Raya - Guardian of the Dragon Gem,4,C-,2,Fortyborn
Sisu - Daring Visitor,4,B-,4,Fortyborn
Tong,4,C+,3,Fortyborn
A Pirate's Life,4,D,1,Fortyborn
Brawl,4,B,4,Fortyborn
Medallion Weights,4,B,4,Fortyborn
The Plank,4,B-,4,Fortyborn
Vitalisphere,4,C-,2,Fortyborn
Training Grounds,4,C+/B-,3,Fortyborn
Anna - Braving the Storm,4,C+,3,Fortyborn
Aurora - Tranquil Princess,4,C-,2,Fortyborn
Fa Li,4,C,3,Fortyborn
Flounder - Collector's Companion,4,C+/C,3,Fortyborn
Hades - Meticulous Plotter,4,C+,3,Fortyborn
Hans - Noble Scoundrel,4,C,3,Fortyborn
Iduna,4,C+,3,Fortyborn
Olaf - Carrot Enthusiast,4,C+,3,Fortyborn
Olaf - Trusting Companion,4,C,3,Fortyborn
Pascal,4,C,3,Fortyborn
Scuttle,4,C-,2,Fortyborn
Sisu,4,B-,4,Fortyborn
Tuk Tuk,4,C,3,Fortyborn
Transformed Chef,4,C+,3,Fortyborn
Triton - Young Prince,4,B-/C+,4,Fortyborn
Dig A Little Deeper,4,B+,4,Fortyborn
Glean,4,D-,1,Fortyborn
Seldom All They Seem,4,D+,1,Fortyborn
Great Stone Dragon,4,C,3,Fortyborn
Ice Block,4,C+,3,Fortyborn
Winter Camp,4,D,1,Fortyborn
Aladdin - Brave Rescuer,4,C-,2,Fortyborn
Aladdin - Resolute Swordsman,4,C,3,Fortyborn
Arges,4,C,3,Fortyborn
Ariel - Determined Mermaid,4,C,3,Fortyborn
Beast - Thick-Skinned,4,C,3,Fortyborn
Chi-Fu,4,D+,1,Fortyborn
Chien-Po,4,B-,4,Fortyborn
Li Shang,4,C+,3,Fortyborn
Ling,4,C,3,Fortyborn
Luisa Madrigal - Rock of the Family,4,C+,3,Fortyborn
Magic Broom - Aerial Cleaner,4,C+,3,Fortyborn
Mickey Mouse - Standard Bearer,4,C+,3,Fortyborn
Mulan - Armored Fighter,4,C,3,Fortyborn
Yao,4,C+,3,Fortyborn
Avalanche,4,B,4,Fortyborn
"I Find 'Em, I Flatten 'Em",4,D-,1,Fortyborn
The Mob Song,4,C,3,Fortyborn
Triton's Decree,4,C-,2,Fortyborn
Fortisphere,4,C+,3,Fortyborn
Imperial Bow,4,D,1,Fortyborn
Thebes - The Big Olive,4,D,1,Fortyborn
Alma Madrigal,4,C-,2,Fortyborn
Ariel - Singing Mermaid,4,C+,3,Fortyborn
Golden Harp,4,F,0,Fortyborn
Goofy - Musketeer Swordsman,4,C+,3,Fortyborn
Ursula - Eric's Bride,4,C+,3,Fortyborn
Look At This Family,4,B,4,Fortyborn
Miracle Candle,4,D,1,Fortyborn
The Underworld,4,C-,2,Fortyborn
Bruno Madrigal - Out of the Shadows,4,B-,4,Fortyborn
Elsa - Storm Chaser,4,B/B-,4,Fortyborn
Isabela Madrigal,4,B,4,Fortyborn
Mrs. Potts,4,C+,3,Fortyborn
Pepa Madrigal,4,C,3,Fortyborn
Second Star To The Right,4,D,1,Fortyborn
Mystical Rose,4,F,0,Fortyborn
Ursula's Lair,4,B-,4,Fortyborn
Cri-Kee,4,B+,4,Fortyborn
Hera,4,C+,3,Fortyborn
Jasmine - Desert Warrior,4,B,4,Fortyborn
Prince Phillip,4,C+,3,Fortyborn
The Muses,4,D,1,Fortyborn
Under The Sea,4,B,4,Fortyborn
We Don't Talk About Bruno,4,B+,4,Fortyborn
Ursula's Garden,4,D-,1,Fortyborn
Goofy - Super Goof,4,B-,4,Fortyborn
Lumiere - Fiery Friend,4,B-,4,Fortyborn
Namaari - Heir of Fang,4,A,5,Fortyborn
Sisu - Emboldened Warrior,4,B-,4,Fortyborn
Tuk Tuk - Lively Partner,4,B-,4,Fortyborn
Be King Undisputed,4,B-,4,Fortyborn
Imperial Proclamation,4,C+,3,Fortyborn
Snuggly Duckling,4,D-,1,Fortyborn
Dang Hu,4,C+,3,Fortyborn
John Silver - Terror of the Realm,4,B-/C+,4,Fortyborn
Prince Phillip - Gallant Defender,4,B,4,Fortyborn
Rapunzel - Appreciative Artist,4,C+,3,Fortyborn
Triton - Discerning King,4,D,1,Fortyborn
Treasures Untold,4,F,0,Fortyborn
Field of Ice,4,D-,1,Fortyborn
Ariel's Grotto,4,F,0,Fortyborn
Hercules - Beloved Hero,4,B+,4,Fortyborn
Lefou,4,C+,3,Fortyborn
Mickey Mouse - Playful Sorcerer,4,C+,3,Fortyborn
Philoctetes,4,B+,4,Fortyborn
Rajah,4,C+,3,Fortyborn
One Last Hope,4,C,3,Fortyborn
RLS Legacy's Cannon,4,F,0,Fortyborn
The Wall,4,F,0,Fortyborn
Cinderella - Melody Weaver,4,D+,1,Fortyborn
Gaston - Despicable Dealer,4,B-,4,Fortyborn
Mickey Mouse - Musketeer Captain,4,B-,4,Fortyborn
Minnie Mouse - Musketeer Champion,4,B-,4,Fortyborn
Mirabel Madrigal - Gift of the Family,4,B-/C+,4,Fortyborn
Belle - Accomplished Mystic,4,B+,4,Fortyborn
Bruno Madrigal - Undetected Uncle,4,B-,4,Fortyborn
Peter Pan - Shadow Finder,4,B/B+,4,Fortyborn
Ursula - Sea Witch Queen,4,B,4,Fortyborn
Yen Sid - Powerful Sorcerer,4,D+,1,Fortyborn
Diablo - Devoted Herald,4,A,5,Fortyborn
Hades - Double Dealer,4,D,1,Fortyborn
Pete - Born to Cheat,4,C+,3,Fortyborn
Prince Phillip - Vanquisher of Foes,4,D,1,Fortyborn
Zeus - Mr. Lightning Bolts,4,B,4,Fortyborn
Flynn Rider - Frenemy,4,C+,3,Fortyborn
Mulan - Elite Archer,4,A+,5,Fortyborn
Noi - Acrobatic Baby,4,B-,4,Fortyborn
Raya - Fierce Protector,4,C+/C,3,Fortyborn
Sisu - Empowered Sibling,4,B,4,Fortyborn
Anna - True-Hearted,4,C,3,Fortyborn
Ariel - Treasure Collector,4,C+,3,Fortyborn
Aurora - Lore Guardian,4,C,3,Fortyborn
The Queen - Diviner,4,C,3,Fortyborn
Triton - Champion of Atlantica,4,D,1,Fortyborn
Ariel - Sonic Warrior,4,B+,4,Fortyborn
Donald Duck - Buccaneer,4,C+,3,Fortyborn
Magic Broom - Brigade Commander,4,D+,1,Fortyborn
Piglet - Sturdy Swordsman,4,B-,4,Fortyborn
Raya - Unstoppable Force,4,A,5,Fortyborn
Joshua Sweet,3,B-,4,Fortyborn
Kida - Atlantean,3,C,3,Fortyborn
Miss Bianca,3,D,1,Fortyborn
Mr. Snoops,3,C+/B-,3,Fortyborn
Nani,3,B,4,Fortyborn
Orville,3,C,3,Fortyborn
Patch,3,C+,3,Fortyborn
Pluto - Friendly Pooch,3,D,1,Fortyborn
Queen of Hearts - Wonderland Empress,3,C-,2,Fortyborn
Rolly,3,C+,3,Fortyborn
Tinker Bell - Generous Fairy,3,C+,3,Fortyborn
Wendy Darling - Talented Sailor,3,C,3,Fortyborn
Has Set My Heaaaaaaart . . .,3,D,1,Fortyborn
99 Puppies,3,F,0,Fortyborn
Boss's Orders,3,D-,1,Fortyborn
Heal What Has Been Hurt,3,C+,3,Fortyborn
Quick Patch,3,F,0,Fortyborn
Cleansing Rainwater,3,D+,1,Fortyborn
Wildcat's Wrench,3,D+,1,Fortyborn
Never Land,3,C,3,Fortyborn
Tiana's Palace,3,C+,3,Fortyborn
Chernabog's Followers - Creatures of Evil,3,C+,3,Fortyborn
Diablo,3,C-,2,Fortyborn
De Vil Manor,3,C,3,Fortyborn
Kuzco's Palace - Home of the Emperor,3,C-,2,Fortyborn
Hydros,3,C+,3,Fortyborn
Iago,3,B-,4,Fortyborn
Jafar - Lamp Thief,3,B-,4,Fortyborn
Lena Sabrewing,3,D+,1,Fortyborn
Magic Broom - Dancing Duster,3,F,0,Fortyborn
Magic Broom - Swift Cleaner,3,B-,4,Fortyborn
Magic Broom - The Big Sweeper,3,D,1,Fortyborn
Magic Carpet,3,B-,4,Fortyborn
Magica De Spell - Ambitious Witch,3,C,3,Fortyborn
Magica De Spell - Thieving Sorceress,3,C+,3,Fortyborn
Mama Odie - Voice of Wisdom,3,C+/B-,3,Fortyborn
Pua,3,C,3,Fortyborn
The Firebird,3,C+,3,Fortyborn
The Queen,3,C,3,Fortyborn
Bestow a Gift,3,C-,2,Fortyborn
It Calls Me,3,C-,2,Fortyborn
Last-Ditch Effort,3,D,1,Fortyborn
The Boss Is on a Roll,3,C,3,Fortyborn
The Sorcerer's Tower,3,C,3,Fortyborn
Cubby,3,C+,3,Fortyborn
Don Karnage,3,B,4,Fortyborn
Flotsam,3,C+,3,Fortyborn
Friar Tuck,3,C+,3,Fortyborn
Jetsam,3,C-,2,Fortyborn
Kit Cloudkicker,3,B-/C+,4,Fortyborn
Milo Thatch - Clever Cartographer,3,C,3,Fortyborn
Prince John - Phony King,3,D+,1,Fortyborn
Sir Hiss,3,B-,4,Fortyborn
Skippy,3,D,1,Fortyborn
Starkey,3,C,3,Fortyborn
Ursula - Deceiver,3,D+,1,Fortyborn
Wildcat,3,B-,4,Fortyborn
Zazu,3,C-,2,Fortyborn
Forbidden Mountain - Maleficent's Castle,3,C,3,Fortyborn
Touched My Heart,3,D-,1,Fortyborn
I Will Find My Way,3,C,3,Fortyborn
Strike a Good Match,3,B-,4,Fortyborn
Airfoil,3,F,0,Fortyborn
Robin's Bow,3,D,1,Fortyborn
Billy Bones,3,B-,4,Fortyborn
Della Duck,3,C+,3,Fortyborn
HeiHei - Accidental Explorer,3,C,3,Fortyborn
Jim Hawkins - Thrill Seeker,3,C,3,Fortyborn
Kakamora,3,D,1,Fortyborn
Maui - Soaring Demigod,3,C,3,Fortyborn
Milo Thatch - Spirited Scholar,3,D+,1,Fortyborn
Moana - Undeterred Voyager,3,B-,4,Fortyborn
Nutsy,3,C,3,Fortyborn
Peter Pan - Never Land Hero,3,C-,2,Fortyborn
Scroop,3,D+,1,Fortyborn
Slightly,3,B-,4,Fortyborn
Stitch - Little Rocket,3,B-,4,Fortyborn
Trigger,3,C-,2,Fortyborn
Webby Vanderquack,3,C,3,Fortyborn
Divebomb,3,F,0,Fortyborn
I've Got a Dream,3,D,1,Fortyborn
Voyage,3,C,3,Fortyborn
Sumerian Talisman,3,B+,4,Fortyborn
Agrabah,3,C,3,Fortyborn
Jolly Roger,3,B-,4,Fortyborn
Captain Amelia,3,C,3,Fortyborn
Dewey,3,C+,3,Fortyborn
Flintheart Glomgold,3,C+,3,Fortyborn
Genie - Cramped in the Lamp,3,C,3,Fortyborn
Gramma Tala - Keeper of Ancient Stories,3,B,4,Fortyborn
King Louie - Bandleader,3,C+,3,Fortyborn
Kit Cloudkicker - Navigator,3,C,3,Fortyborn
Kit Cloudkicker - Spunky Bear Cub,3,F,0,Fortyborn
Louie,3,B-,4,Fortyborn
Maid Marian,3,B-,4,Fortyborn
Pluto - Mickey's Clever Friend,3,C,3,Fortyborn
Rufus,3,C,3,Fortyborn
Scrooge McDuck - Uncle Moneybags,3,D+,1,Fortyborn
The Queen - Mirror Seeker,3,C,3,Fortyborn
Distract,3,C+,3,Fortyborn
How Far I'll Go,3,B,4,Fortyborn
Repair,3,D,1,Fortyborn
Scrooge's Top Hat,3,F,0,Fortyborn
Vault Door,3,F,0,Fortyborn
McDuck Manor,3,C,3,Fortyborn
Motunui,3,B-,4,Fortyborn
Chief Tui - Proud of Motunui,3,C,3,Fortyborn
Eeyore,3,C+,3,Fortyborn
Helga Sinclair - Right-Hand Woman,3,C+,3,Fortyborn
Kida - Royal Warrior,3,B-,4,Fortyborn
Little John - Robin's Pal,3,B-,4,Fortyborn
Lythos,3,B-,4,Fortyborn
Mickey Mouse - Stalwart Explorer,3,C-,2,Fortyborn
Minnie Mouse - Funky Spelunker,3,F,0,Fortyborn
Mr. Smee,3,C+,3,Fortyborn
Nala - Fierce Friend,3,C,3,Fortyborn
Razoul,3,C+,3,Fortyborn
Robin Hood - Beloved Outlaw,3,C,3,Fortyborn
Simba - Rightful King,3,B-,4,Fortyborn
Thaddeus E. Klang,3,D+,1,Fortyborn
Ba-Boom!,3,B-,4,Fortyborn
Olympus Would Be That Way,3,D-,1,Fortyborn
Rise of the Titans,3,C+,3,Fortyborn
Captain Hook's Rapier,3,C+,3,Fortyborn
Gizmosuit,3,D+,1,Fortyborn
Nottingham,3,C,3,Fortyborn
The Bayou,3,C,3,Fortyborn
Baloo - von Bruinwald XIII,3,D,1,Fortyborn
Bernard - Brand-New Agent,3,B-,4,Fortyborn
Lucky - The 15th Puppy,3,B-,4,Fortyborn
Minnie Mouse - Musical Artist,3,C,3,Fortyborn
Pluto - Determined Defender,3,B,4,Fortyborn
The Bare Necessities,3,D+,1,Fortyborn
Heart of Atlantis,3,F,0,Fortyborn
Pride Lands,3,C+,3,Fortyborn
Rafiki - Mystical Fighter,3,C+,3,Fortyborn
Stratos - Tornado Titan,3,B,4,Fortyborn
Treasure Guardian - Protector of the Cave,3,F,0,Fortyborn
Ursula - Sea Witch,3,B-,4,Fortyborn
The Boss Is on a Roll,3,B,4,Fortyborn
The Lamp,3,F,0,Fortyborn
The Sorcerer's Hat,3,F,0,Fortyborn
The Queen's Castle,3,B,4,Fortyborn
Cursed Merfolk - Ursula's Handiwork,3,C+,3,Fortyborn
Helga Sinclair - Vengeful Partner,3,C+,3,Fortyborn
Morph - Space Goo,3,C,3,Fortyborn
Peter Pan - Lost Boy Leader,3,D,1,Fortyborn
Robin Hood - Daydreamer,3,B,4,Fortyborn
Stitch - Covert Agent,3,B-,4,Fortyborn
Starlight Vial,3,F,0,Fortyborn
Fang - River City,3,B-,4,Fortyborn
Captain Hook - Master Swordsman,3,B-,4,Fortyborn
Maui - Whale,3,B-,4,Fortyborn
Moana - Born Leader,3,D+,1,Fortyborn
Peter Pan - Pirate's Bane,3,B,4,Fortyborn
Simba - Scrappy Cub,3,C-,2,Fortyborn
On Your Feet! Now!,3,D,1,Fortyborn
Maui's Fish Hook,3,C+,3,Fortyborn
RLS Legacy,3,C+,3,Fortyborn
Audrey Ramirez - The Engineer,3,D+,1,Fortyborn
Gyro Gearloose - Gadget Whiz,3,D-,1,Fortyborn
Huey - Savvy Nephew,3,C+,3,Fortyborn
Mama Odie,3,C-,2,Fortyborn
Friend Like Me,3,F,0,Fortyborn
Aurelian Gyrosensor,3,B-,4,Fortyborn
Heart of Te Fiti,3,F,0,Fortyborn
Belle's House - Maurice's Workshop,3,F,0,Fortyborn
Gustav the Giant - Terror of the Kingdom,3,C+,3,Fortyborn
Hades - Hotheaded Ruler,3,C,3,Fortyborn
John Silver - Greedy Treasure Seeker,3,C-,2,Fortyborn
Mufasa - Champion of the Pride Lands,3,C+,3,Fortyborn
Pyros - Lava Titan,3,B,4,Fortyborn
And Then Along Came Zeus,3,B+,4,Fortyborn
Map of Treasure Planet,3,F,0,Fortyborn
Maui's Place of Exile,3,B-,4,Fortyborn
Chernabog - Evildoer,3,B-,4,Fortyborn
Piglet - Pooh Pirate Captain,3,B-,4,Fortyborn
Pongo - Determined Father,3,B+/A-,4,Fortyborn
Alice - Tea Alchemist,3,C,3,Fortyborn
Genie - Supportive Friend,3,B+,4,Fortyborn
Magica De Spell - The Midas Touch,3,F,0,Fortyborn
Helga Sinclair - Femme Fatale,3,B+/A-,4,Fortyborn
Lyle Tiberius Rourke - Cunning Mercenary,3,B,4,Fortyborn
Shenzi - Hyena Pack Leader,3,F,0,Fortyborn
Ariel - Adventurous Collector,3,B,4,Fortyborn
Madame Medusa - The Boss,3,A-,5,Fortyborn
Prince Eric - Expert Helmsman,3,A,5,Fortyborn
Scrooge McDuck - Richest Duck in the World,3,C-,2,Fortyborn
Tinker Bell - Very Clever Fairy,3,D+,1,Fortyborn
Wendy Darling - Authority on Peter Pan,3,C-,2,Fortyborn
Little John - Resourceful Outlaw,3,D,1,Fortyborn
Sheriff of Nottingham - Corrupt Official,3,D-,1,Fortyborn
Simba - Fighting Prince,3,A,5,Fortyborn
Kida - Protector of Atlantis,3,B+,4,Fortyborn
Perdita - Devoted Mother,3,B+,4,Fortyborn
Jafar - Striking Illusionist,3,C+,3,Fortyborn
Maleficent - Mistress of All Evil,3,A-,5,Fortyborn
Milo Thatch - King of Atlantis,3,A-,5,Fortyborn
Ursula - Deceiver of All,3,C,3,Fortyborn
Hydra - Deadly Serpent,3,A,5,Fortyborn
Jim Hawkins - Space Traveler,3,C,3,Fortyborn
Gramma Tala - Spirit of the Ocean,3,D+,1,Fortyborn
Lucky Dime,3,F,0,Fortyborn
Mickey Mouse - Trumpeter,3,F,0,Fortyborn
Robin Hood - Champion of Sherwood,3,A,5,Fortyborn
Dalmatian Puppy - Tail Wagger,3,C,3,Fortyborn
Archimedes,1,C,3,Fortyborn
Befuddle,1,D-,1,Fortyborn
Captain Hook,1,C+,3,Fortyborn
Control Your Temper,1,D,1,Fortyborn
Develop Your Brain,1,B-,4,Fortyborn
Dinglehopper,1,D+,1,Fortyborn
Fan The Flames,1,F,0,Fortyborn
Fire the Cannons,1,B,4,Fortyborn
He's Got a Sword,1,D-,1,Fortyborn
Healing Glow,1,D-,1,Fortyborn
HeiHei - Boat Snack,1,D+,1,Fortyborn
Lilo,1,C+,3,Fortyborn
Magic Golden Flower,1,D-,1,Fortyborn
Olaf - Friendly Snowman,1,D+,1,Fortyborn
Minnie Mouse,1,D+,1,Fortyborn
Pascal,1,C,3,Fortyborn
Reflection,1,F,0,Fortyborn
Scepter Of Arendelle,1,C-,2,Fortyborn
Shield of Virtue,1,D,1,Fortyborn
Simba,1,C-,2,Fortyborn
Stampede,1,D-,1,Fortyborn
Timon,1,D-,1,Fortyborn
Vicious Betrayal,1,D-,1,Fortyborn
Work Together,1,F,0,Fortyborn
Aladdin - Cornered Swordsman,1,C-,2,Fortyborn
Aladdin - Prince Ali,1,D+,1,Fortyborn
Aurora,1,C+,3,Fortyborn
Be Our Guest,1,C+/B-,3,Fortyborn
Beast's Mirror,1,B/B-,4,Fortyborn
Break,1,F,0,Fortyborn
Coconut Basket,1,C+,3,Fortyborn
Cruella De Vil - Miserable As Usual,1,B-,4,Fortyborn
Cut to the Chase,1,F/D-,0,Fortyborn
Donald Duck,1,C,3,Fortyborn
Dr. Facilier,1,D,1,Fortyborn
Duke Of Weselton - Opportunistic Official,1,C,3,Fortyborn
Goons - Maleficent's Underlings,1,C,3,Fortyborn
Dr. Facilier's Cards,1,F,0,Fortyborn
Flynn Rider,1,B,4,Fortyborn
Freeze,1,F,0,Fortyborn
Frying Pan,1,F,0,Fortyborn
Gaston,1,C-,2,Fortyborn
Gramma Tala,1,D,1,Fortyborn
Lantern,1,D+,1,Fortyborn
Lefou - Bumbler,1,C-,2,Fortyborn
Lefou - Instigator,1,C,3,Fortyborn
Magic Broom,1,D,1,Fortyborn
Magic Mirror,1,B-,4,Fortyborn
Megara,1,D+,1,Fortyborn
One Jump Ahead,1,D,1,Fortyborn
Philoctetes,1,B-,4,Fortyborn
Prince Eric,1,C+,3,Fortyborn
Ransack,1,D-,1,Fortyborn
Sebastian,1,D,1,Fortyborn
Simba,1,B,4,Fortyborn
Stolen Scimitar,1,D-,1,Fortyborn
Sudden Chill,1,F,0,Fortyborn
Tamatoa,1,C-,2,Fortyborn
Tangle,1,F,0,Fortyborn
Ursula's Cauldron,1,C-/D+,2,Fortyborn
Yzma,1,C,3,Fortyborn
Abu,1,C-,2,Fortyborn
Horace,1,C-,2,Fortyborn
Jasmine,1,C,3,Fortyborn
Lilo,1,C,3,Fortyborn
Mickey Mouse - Steamboat Pilot,1,C,3,Fortyborn
Mr. Smee,1,C,3,Fortyborn
Aladdin,1,D-/F,1,Fortyborn
Ariel,1,D,1,Fortyborn
Belle,1,C-,2,Fortyborn
Cheshire Cat,1,C+,3,Fortyborn
Do It Again,1,F,0,Fortyborn
Dr. Facilier,1,C-,2,Fortyborn
Elsa,1,B-,4,Fortyborn
Fishbone Quill,1,F,0,Fortyborn
Friends On The Other Side,1,B+,4,Fortyborn
Hercules,1,C+,3,Fortyborn
Iago,1,D,1,Fortyborn
If It's Not Baroque,1,F,0,Fortyborn
Jasper,1,C-,2,Fortyborn
Just in Time,1,F,0,Fortyborn
Maleficent,1,B-,4,Fortyborn
Maximus,1,C+/B-,3,Fortyborn
Mickey Mouse - Detective,1,D+,1,Fortyborn
Mother Knows Best,1,B-,4,Fortyborn
Part of Your World,1,C-,2,Fortyborn
Peter Pan - Fearless Fighter,1,C-,2,Fortyborn
Peter Pan - Never Landing,1,B-,4,Fortyborn
Plasma Blaster,1,D,1,Fortyborn
Poisoned Apple,1,D-/F,1,Fortyborn
Rafiki,1,C+/B-,3,Fortyborn
Smash,1,B-,4,Fortyborn
The Beast is Mine,1,F,0,Fortyborn
Tinker Bell,1,B-,4,Fortyborn
Ursula's Shell Necklace,1,F,0,Fortyborn
White Rabbit's Pocket Watch,1,C+,3,Fortyborn
Elsa - Queen Regent,1,C,3,Fortyborn
Hans - Scheming Prince,1,C+/B-,3,Fortyborn
Maleficent,1,C,3,Fortyborn
Pumbaa,1,C,3,Fortyborn
Scar,1,C-,2,Fortyborn
Anna,1,D+,1,Fortyborn
Ariel - On Human Legs,1,C,3,Fortyborn
Ariel - Whoseit Collector,1,D-,1,Fortyborn
Aurora,1,B-,4,Fortyborn
Belle,1,D+,1,Fortyborn
Captain Hook,1,C-/D+,2,Fortyborn
Cinderella,1,C+,3,Fortyborn
Donald Duck,1,B-,4,Fortyborn
Elsa - Ice Surfer,1,D+,1,Fortyborn
Eye of the Fates,1,F,0,Fortyborn
Hades,1,B,4,Fortyborn
Hakuna Matata,1,D-,1,Fortyborn
Hans - Thirteenth in Line,1,B-/B,4,Fortyborn
Jafar - Keeper of Secrets,1,D+,1,Fortyborn
Jafar - Wicked Sorcerer,1,C+,3,Fortyborn
Jetsam,1,B-,4,Fortyborn
Merlin,1,B-,4,Fortyborn
Mickey Mouse,1,C,3,Fortyborn
Musketeer Tabard,1,F,0,Fortyborn
Kristoff - Official Ice Master,1,C,3,Fortyborn
Pongo,1,B,4,Fortyborn
Prince Phillip,1,C+,3,Fortyborn
Rapunzel,1,A+,5,Fortyborn
Sword of Truth,1,F,0,Fortyborn
Tinker Bell,1,B+,4,Fortyborn
You Have Forgotten Me,1,C+,3,Fortyborn
Zeus,1,C+,3,Fortyborn
Captain,1,C+,3,Fortyborn
Cerberus,1,C+/B-,3,Fortyborn
Jumba Jookiba,1,C+,3,Fortyborn
Maleficent,1,B-,4,Fortyborn
A Whole New World,1,D+,1,Fortyborn
Aurora,1,B-,4,Fortyborn
Beast - Hardheaded,1,C+,3,Fortyborn
Beast - Wolfsbane,1,B-,4,Fortyborn
Captain Hook,1,C+,3,Fortyborn
Donald Duck,1,D+,1,Fortyborn
Dragon Fire,1,B+,4,Fortyborn
Flotsam,1,C,3,Fortyborn
Goofy - Daredevil,1,B,4,Fortyborn
Goofy - Musketeer,1,B-,4,Fortyborn
Grab Your Sword,1,A+,5,Fortyborn
Jasmine,1,B,4,Fortyborn
Kuzco,1,A-,5,Fortyborn
Let It Go,1,B+,4,Fortyborn
Mad Hatter,1,B,4,Fortyborn
Maui,1,B+,4,Fortyborn
Maximus,1,B+,4,Fortyborn
Moana - Chosen by the Ocean,1,C-,2,Fortyborn
Moana - Of Motunui,1,C,3,Fortyborn
Mulan,1,B,4,Fortyborn
Simba,1,C,3,Fortyborn
Starkey,1,D+,1,Fortyborn
Steal from the Rich,1,F,0,Fortyborn
The Queen,1,A-/B+,4,Fortyborn
Tinker Bell,1,B-,4,Fortyborn
Kronk,1,B-,4,Fortyborn
Mufasa,1,B-,4,Fortyborn
Sven,1,C+,3,Fortyborn
Genie,1,A-,5,Fortyborn
John Silver,1,B+,4,Fortyborn
Lady Tremaine,1,D-,1,Fortyborn
Marshmallow,1,B+,4,Fortyborn
Maurice,1,C,3,Fortyborn
Mickey Mouse,1,B-,4,Fortyborn
Mother Gothel,1,B,4,Fortyborn
Rapunzel,1,D+,1,Fortyborn
Robin Hood,1,B,4,Fortyborn
Sergeant Tibbs - Courageous Cat,1,C,3,Fortyborn
Scar,1,B+,4,Fortyborn
Stitch - New Dog,1,C,3,Fortyborn
Stitch - Rock Star,1,A+,5,Fortyborn
Te Ka - Heartless,1,B,4,Fortyborn
Te Ka - The Burning One,1,C+,3,Fortyborn
The Wardrobe - Belle's Confidant,1,C,3,Fortyborn
Tigger,1,B,4,Fortyborn
Tinkerbell,1,A+,5,Fortyborn
Triton,1,C+,3,Fortyborn
Maui,1,C,3,Fortyborn
Aladdin,1,B,4,Fortyborn
Be Prepared,1,B+,4,Fortyborn
Captain Hook,1,C+,3,Fortyborn
Chief Tui,1,B-,4,Fortyborn
Dr. Facilier,1,A-,5,Fortyborn
Elsa,1,B,4,Fortyborn
Gantu,1,D+,1,Fortyborn
Genie,1,C,3,Fortyborn
Hades - King of Olympus,1,D,1,Fortyborn
Hades - Infernal Schemer,1,A-,5,Fortyborn
Maleficent,1,A,5,Fortyborn
Mickey Mouse - Brave Little Tailor,1,B-,4,Fortyborn
Mickey Mouse - Artful Rogue,1,D+,1,Fortyborn
Scar,1,D+,1,Fortyborn
Simba,1,B-,4,Fortyborn
Stitch - Abomination,1,B-,4,Fortyborn
Stitch - Carefree Surfer,1,A-,5,Fortyborn
Flounder - Voice of Reason,1,C,3,Fortyborn
Tamatoa,1,D+,1,Fortyborn
Ursula,1,B,4,Fortyborn
Fairy Godmother - Mystic Armorer,2,A,5,Frank Karsten
Cogsworth - Grandfather Clock,2,A,5,Frank Karsten
Beast - Tragic Hero,2,A,5,Frank Karsten
Beast - Relentless,2,A,5,Frank Karsten
The Queen - Commanding Presence,2,A,5,Frank Karsten
Kronk - Junior Chipmunk,2,A,5,Frank Karsten
Yzma - Scary Beyond All Reason,2,A,5,Frank Karsten
Snow White - Well Wisher,2,A,5,Frank Karsten
Lady Tremaine - Imperious Queen,2,A,5,Frank Karsten
Beast - Selfless Protector,2,A,5,Frank Karsten
Queen of Hearts - Sensing Weakness,2,B+,4,Frank Karsten
Gaston - Intellectual Powerhouse,2,B+,4,Frank Karsten
Alice - Growing Girl,2,B+,4,Frank Karsten
Sisu - Divine Water Dragon,2,B+,4,Frank Karsten
Belle - Hidden Archer,2,B+,4,Frank Karsten
Hercules - Divine Hero,2,B+,4,Frank Karsten
Mufasa - Betrayed Leader,2,B+,4,Frank Karsten
Merlin - Rabbit,2,B+,4,Frank Karsten
Pacha - Village Leader,2,B+,4,Frank Karsten
Little John - Loyal Friend,2,B+,4,Frank Karsten
Jafar - Dreadnought,2,B+,4,Frank Karsten
Strength of a Raging Fire,2,B+,4,Frank Karsten
World's Greatest Criminal Mind,2,B+,4,Frank Karsten
Let the Storm Rage On,2,B+,4,Frank Karsten
Cinderella - Stouthearted,2,B+,4,Frank Karsten
Merlin - Crab,2,B+,4,Frank Karsten
Minnie Mouse - Stylish Surfer,2,B+,4,Frank Karsten
Lucifer - Cunning Cat,2,B+,4,Frank Karsten
Madam Mim - Fox,2,B+,4,Frank Karsten
Shere Khan - Menacing Predator,2,B+,4,Frank Karsten
Dr. Facilier - Fortune Teller,2,B+,4,Frank Karsten
HeiHei - Persistent Presence,2,B+,4,Frank Karsten
Peter Pan's Shadow - Not Sewn On,2,B+,4,Frank Karsten
Ray - Easygoing Firefly,2,B+,4,Frank Karsten
Scar - Vicious Cheater,2,B,4,Frank Karsten
Namaari - Nemesis,2,B,4,Frank Karsten
Rabbit - Reluctant Host,2,B,4,Frank Karsten
Flynn Rider - His Own Biggest Fan,2,B,4,Frank Karsten
Cobra Bubbles - Just a Social Worker,2,B,4,Frank Karsten
Madam Mim - Purple Dragon,2,B,4,Frank Karsten
Daisy Duck - Secret Agent,2,B,4,Frank Karsten
Winnie The Pooh - Hunny Wizard,2,B,4,Frank Karsten
Virana - Fang Chief,2,B,4,Frank Karsten
Card Soldiers - Full Deck,2,B,4,Frank Karsten
Happy - Good-Natured,2,B,4,Frank Karsten
Fairy Godmother - Pure Heart,2,B,4,Frank Karsten
Li Shang - Archery Instructor,2,B,4,Frank Karsten
Fairy Godmother - Here to Help,2,B,4,Frank Karsten
Yzma - Without Beauty Sleep,2,B,4,Frank Karsten
Donald Duck - Not Again!,2,B,4,Frank Karsten
Queen of Hearts - Capricious Monarch,2,B,4,Frank Karsten
Donald Duck - Deep-Sea Diver,2,B,4,Frank Karsten
Ratigan - Criminal Mastermind,2,B,4,Frank Karsten
Sleepy - Nodding Off,2,B,4,Frank Karsten
King Louie - Jungle VIP,2,B,4,Frank Karsten
Madam Mim - Snake,2,B,4,Frank Karsten
The Prince - Never Gives Up,2,B,4,Frank Karsten
Hypnotize,2,B,4,Frank Karsten
Mulan - Soldier in Training,2,B-,4,Frank Karsten
Tuk Tuk - Wrecking Ball,2,B-,4,Frank Karsten
Lumiere - Hotheaded Candelabra,2,B-,4,Frank Karsten
Pawpsicle,2,B-,4,Frank Karsten
Snow White - Lost in the Forest,2,B-,4,Frank Karsten
Ring The Bell,2,B-,4,Frank Karsten
Painting the Roses Red,2,B-,4,Frank Karsten
Fidget - Ratigan's Henchman,2,B-,4,Frank Karsten
Improvise,2,B-,4,Frank Karsten
The Queen - Regal Monarch,2,B-,4,Frank Karsten
Charge!,2,B-,4,Frank Karsten
Chip the Teacup - Gentle Soul,2,B-,4,Frank Karsten
Owl - Logical Lecturer,2,B-,4,Frank Karsten
Cruella De Vil - Perfectly Wretched,2,B-,4,Frank Karsten
Lawrence - Jealous Manservant,2,B-,4,Frank Karsten
Grand Pabbie - Oldest and Wisest,2,B-,4,Frank Karsten
Cheshire Cat - From the Shadows,2,B-,4,Frank Karsten
Raya - Leader of Heart,2,B-,4,Frank Karsten
Beast - Forbidding Recluse,2,C+,3,Frank Karsten
Grumpy - Bad-Tempered,2,C+,3,Frank Karsten
Felicia - Always Hungry,2,C+,3,Frank Karsten
Elsa - Gloves Off,2,C+,3,Frank Karsten
Cogsworth - Talking Clock,2,C+,3,Frank Karsten
Donald Duck - Perfect Gentleman,2,C+,3,Frank Karsten
Hercules - Hero in Training,2,C+,3,Frank Karsten
Boun - Precocious Entrepreneur,2,C+,3,Frank Karsten
Pinocchio - On the Run,2,C+,3,Frank Karsten
Rapunzel - Sunshine,2,C+,3,Frank Karsten
Basil - Great Mouse Detective,2,C+,3,Frank Karsten
Cruella De Vil - Fashionable Cruiser,2,C+,3,Frank Karsten
Christopher Robin - Adventurer,2,C+,3,Frank Karsten
Jafar - Royal Vizier,2,C+,3,Frank Karsten
Merlin - Goat,2,C+,3,Frank Karsten
Bashful - Hopeless Romantic,2,C+,3,Frank Karsten
Queen of Hearts - Impulsive Ruler,2,C+,3,Frank Karsten
Magic Broom - Industrial Model,2,C+,3,Frank Karsten
Piglet - Very Small Animal,2,C+,3,Frank Karsten
Blue Fairy - Rewarding Good Deeds,2,C+,3,Frank Karsten
Panic - Underworld Imp,2,C+,3,Frank Karsten
Minnie Mouse - Wide-Eyed Diver,2,C+,3,Frank Karsten
Grand Duke - Advisor to the King,2,C+,3,Frank Karsten
Rapunzel - Gifted Artist,2,C+,3,Frank Karsten
Namaari - Morning Mist,2,C+,3,Frank Karsten
Tiana - True Princess,2,C+,3,Frank Karsten
Mulan - Free Spirit,2,C+,3,Frank Karsten
Ratigan - Very Large Mouse,2,C+,3,Frank Karsten
Doc - Leader of the Seven Dwarfs,2,C+,3,Frank Karsten
Prince Charming - Heir to the Throne,2,C+,3,Frank Karsten
Dr. Facilier - Savvy Opportunist,2,C+,3,Frank Karsten
Teeth and Ambitions,2,C+,3,Frank Karsten
Sneezy - Very Allergic,2,C+,3,Frank Karsten
Chief Bogo - Respected Officer,2,C,3,Frank Karsten
Enchantress - Unexpected Judge,2,C,3,Frank Karsten
Kuzco - Wanted Llama,2,C,3,Frank Karsten
Basil - Of Baker Street,2,C,3,Frank Karsten
James - Role Model,2,C,3,Frank Karsten
Mother Gothel - Withered and Wicked,2,C,3,Frank Karsten
Eudora - Accomplished Seamstress,2,C,3,Frank Karsten
Baloo - Fun-Loving Bear,2,C,3,Frank Karsten
Prince Naveen - Penniless Royal,2,C,3,Frank Karsten
Cheshire Cat - Always Grinning,2,C,3,Frank Karsten
Caterpillar - Calm and Collected,2,C,3,Frank Karsten
Minnie Mouse - Zipping Around,2,C,3,Frank Karsten
Tigger - One of a Kind,2,C,3,Frank Karsten
Basil - Perceptive Investigator,2,C,3,Frank Karsten
Nothing to Hide,2,C,3,Frank Karsten
Winnie The Pooh - Having a Think,2,C,3,Frank Karsten
Nick Wilde - Wily Fox,2,C,3,Frank Karsten
Benja - Guardian of the Dragon Gem,2,C,3,Frank Karsten
Gumbo Pot,2,C,3,Frank Karsten
Arthur - Trained Swordsman,2,C,3,Frank Karsten
Robin Hood - Capable Fighter,2,C,3,Frank Karsten
Eli La Bouff - Big Daddy,2,C,3,Frank Karsten
Four Dozen Eggs,2,C,3,Frank Karsten
Cinderella - Knight in Training,2,C,3,Frank Karsten
Raya - Warrior of Kumandra,2,C,3,Frank Karsten
Mouse Armor,2,C,3,Frank Karsten
Go the Distance,2,C,3,Frank Karsten
Pete - Bad Guy,2,C,3,Frank Karsten
Flynn Rider - Confident Vagabond,2,C,3,Frank Karsten
Tiana - Diligent Waitress,2,C,3,Frank Karsten
Pinocchio - Star Attraction,2,C-,2,Frank Karsten
Hiram Flaversham - Toymaker,2,C-,2,Frank Karsten
Madam Mim - Rival of Merlin,2,C-,2,Frank Karsten
Mickey Mouse - Friendly Face,2,C-,2,Frank Karsten
Goofy - Knight for a Day,2,C-,2,Frank Karsten
Legend of the Sword in the Stone,2,C-,2,Frank Karsten
Last Cannon,2,C-,2,Frank Karsten
Bounce,2,C-,2,Frank Karsten
Last Stand,2,C-,2,Frank Karsten
Judy Hopps - Optimistic Officer,2,C-,2,Frank Karsten
Arthur - Wizard's Apprentice,2,C-,2,Frank Karsten
Dinner Bell,2,C-,2,Frank Karsten
The Huntsman - Reluctant Enforcer,2,C-,2,Frank Karsten
Gaston - Baritone Bully,2,C-,2,Frank Karsten
Merlin - Squirrel,2,C-,2,Frank Karsten
Nana - Darling Family Pet,2,C-,2,Frank Karsten
Bucky - Squirrel Squeak Tutor,2,C-,2,Frank Karsten
Tiana - Celebrating Princess,2,C-,2,Frank Karsten
Noi - Orphaned Thief,2,C-,2,Frank Karsten
Hold Still,2,C-,2,Frank Karsten
Jiminy Cricket - Pinocchio's Conscience,2,C-,2,Frank Karsten
Belle - Bookworm,2,C-,2,Frank Karsten
Pain - Underworld Imp,2,C-,2,Frank Karsten
Dopey - Always Playful,2,C-,2,Frank Karsten
Jasmine - Heir of Agrabah,2,C-,2,Frank Karsten
Weight Set,2,C-,2,Frank Karsten
Mulan - Reflecting,2,C-,2,Frank Karsten
Pack Tactics,2,C-,2,Frank Karsten
Duke Weaselton - Small-Time Crook,2,C-,2,Frank Karsten
Gaston - Scheming Suitor,2,C-,2,Frank Karsten
The Nokk - Water Spirit,2,D,1,Frank Karsten
Raya - Headstrong,2,D,1,Frank Karsten
Donald Duck - Sleepwalker,2,D,1,Frank Karsten
I'm Stuck!,2,D,1,Frank Karsten
You Can Fly!,2,D,1,Frank Karsten
What did you call me?,2,D,1,Frank Karsten
Merlin - Shapeshifter,2,D,1,Frank Karsten
Fang Crossbow,2,D,1,Frank Karsten
Cinderella - Ballroom Sensation,2,D,1,Frank Karsten
Sardine Can,2,D,1,Frank Karsten
Bibbidi Bobbidi Boo,2,D,1,Frank Karsten
Prince John - Greediest of All,2,D,1,Frank Karsten
Pick a Fight,2,D,1,Frank Karsten
Launch,2,D,1,Frank Karsten
Mrs. Judson - Housekeeper,2,D,1,Frank Karsten
Queen of Hearts - Quick-Tempered,2,D,1,Frank Karsten
Lady Tremaine - Overbearing Matriarch,2,D,1,Frank Karsten
Snow White - Unexpected Houseguest,2,D,1,Frank Karsten
Pinocchio - Talkative Puppet,2,D,1,Frank Karsten
The Most Diabolical Scheme,2,D,1,Frank Karsten
Dragon Gem,2,D,1,Frank Karsten
The Sorcerer's Spellbook,2,D,1,Frank Karsten
Honest John - Not That Honest,2,D,1,Frank Karsten
The Queen - Disguised Peddler,2,D,1,Frank Karsten
Falling Down the Rabbit Hole,2,D,1,Frank Karsten
Gruesome And Grim,2,F,0,Frank Karsten
Croquet Mallet,2,F,0,Frank Karsten
Binding Contract,2,F,0,Frank Karsten
Zero To Hero,2,F,0,Frank Karsten
Sword In The Stone,2,F,0,Frank Karsten
Perplexing Signposts,2,F,0,Frank Karsten
Peter Pan's Dagger,2,F,0,Frank Karsten
Sleepy's Flute,2,F,0,Frank Karsten
Maurice's Workshop,2,F,0,Frank Karsten
Ratigan's Marvelous Trap,2,F,0,Frank Karsten
Robin Hood - Timely Contestant,5,A,5,Frank Karsten
Madam Mim - Elephant,5,A,5,Frank Karsten
Scrooge McDuck - Afficionado of Antiquities,5,A,5,Frank Karsten
Camilo Madrigal - Family Copycat,5,A,5,Frank Karsten
Jafar - Tyrannical Hypnotist,5,A,5,Frank Karsten
Luisa Madrigal - Entertaining Muscle,5,A,5,Frank Karsten
Mother Gothel - Unwavering Schemer,5,A,5,Frank Karsten
Anna - Diplomatic Queen,5,A,5,Frank Karsten
Elsa - The Fifth Spirit,5,A,5,Frank Karsten
Maid Marian - Lady of the Lists,5,B+,4,Frank Karsten
The Nokk - Mythical Spirit,5,B+,4,Frank Karsten
Scroop - Odious Mutineer,5,B+,4,Frank Karsten
Arthur - King Victorious,5,B+,4,Frank Karsten
Moana - Determined Explorer,5,B+,4,Frank Karsten
Clarabelle - Light on Her Hooves,5,B+,4,Frank Karsten
Prince Phillip - Swordsman of the Realm,5,B+,4,Frank Karsten
Namaari - Resolute Daughter,5,B+,4,Frank Karsten
Zazu - Advisor to Mufasa,5,B+,4,Frank Karsten
Monstro - Whale of a Whale,5,B+,4,Frank Karsten
Bruni - Fire Salamander,5,B+,4,Frank Karsten
HeiHei - Protective Rooster,5,B+,4,Frank Karsten
Anna - Mystical Majesty,5,B+,4,Frank Karsten
Archimedes - Exasperated Owl,5,B+,4,Frank Karsten
Kuzco - Selfish Emperor,5,B+,4,Frank Karsten
The Library - A Gift for Belle,5,B+,4,Frank Karsten
Maximus - Team Champion,5,B+,4,Frank Karsten
Scar - Vengeful Lion,5,B+,4,Frank Karsten
Olaf - Happy Passenger,5,B+,4,Frank Karsten
Wreck‐It Ralph - Admiral Underpants,5,B+,4,Frank Karsten
Mufasa - Ruler of Pride Rock,5,B+,4,Frank Karsten
Clarabelle - Contented Wallflower,5,B,4,Frank Karsten
White Rabbit - Royal Herald,5,B,4,Frank Karsten
Ratigan - Party Crasher,5,B,4,Frank Karsten
Sir Ector - Castle Lord,5,B,4,Frank Karsten
King Candy - Sweet Abomination,5,B,4,Frank Karsten
Simba - Lost Prince,5,B,4,Frank Karsten
Denahi - Avenging Brother,5,B,4,Frank Karsten
Daisy Duck - Spotless Food‐Fighter,5,B,4,Frank Karsten
Gaston - Pure Paragon,5,B,4,Frank Karsten
Shenzi - Scar's Accomplice,5,B,4,Frank Karsten
Fauna - Good Fairy,5,B,4,Frank Karsten
Donald Duck - Focused Flatfoot,5,B,4,Frank Karsten
Doc - Bold Knight,5,B,4,Frank Karsten
Ludwig von Drake - Self‐Proclaimed Genius,5,B,4,Frank Karsten
Finders Keepers,5,B,4,Frank Karsten
Basil - Practiced Detective,5,B-,4,Frank Karsten
Archimedes - Electrified Owl,5,B-,4,Frank Karsten
Plate Armor,5,B-,4,Frank Karsten
Genie - Main Attraction,5,B-,4,Frank Karsten
Rafiki - Shaman Duelist,5,B-,4,Frank Karsten
Vanellope von Schweetz - Random Roster Racer,5,B-,4,Frank Karsten
Rudy - Groove Disrupter,5,B-,4,Frank Karsten
Vanellope von Schweetz - Sugar Rush Champ,5,B-,4,Frank Karsten
King Candy - Sovereign of Sugar,5,B-,4,Frank Karsten
Sven - Reindeer Steed,5,B-,4,Frank Karsten
Earth Giant - Living Mountain,5,B-,4,Frank Karsten
Shenzi - Head Hyena,5,B-,4,Frank Karsten
"Fix‐It Felix, Jr. - Trusty Builder",5,B-,4,Frank Karsten
Happy - Lively Knight,5,B-,4,Frank Karsten
Gale - Wind Spirit,5,B-,4,Frank Karsten
Merlin - Turtle,5,B-,4,Frank Karsten
Stitch - Team Underdog,5,B-,4,Frank Karsten
Donald Duck - Pie Slinger,5,B-,4,Frank Karsten
Rutt - Northern Moose,5,B-,4,Frank Karsten
Mother Gothel - Conceited Manipulator,5,B-,4,Frank Karsten
Flora - Good Fairy,5,B-,4,Frank Karsten
Mirabel Madrigal - Family Gatherer,5,B-,4,Frank Karsten
Snow White - Fair‐Hearted,5,C+,3,Frank Karsten
Pete - Steamboat Rival,5,C+,3,Frank Karsten
Turbo - Royal Hack,5,C+,3,Frank Karsten
Hypnotic Strength,5,C+,3,Frank Karsten
Snowanna Rainbeau - Cool Competitor,5,C+,3,Frank Karsten
Seven Dwarfs' Mine - Secure Fortress,5,C+,3,Frank Karsten
Emerald Chromicon,5,C+,3,Frank Karsten
Ruby Chromicon,5,C+,3,Frank Karsten
Invited to the Ball,5,C+,3,Frank Karsten
Yzma - Unjustly Treated,5,C+,3,Frank Karsten
Rapunzel's Tower - Secluded Prison,5,C+,3,Frank Karsten
Ed - Laughing Hyena,5,C+,3,Frank Karsten
Kronk - Unlicensed Investigator,5,C+,3,Frank Karsten
Merlin - Intellectual Visionary,5,C+,3,Frank Karsten
You're Welcome,5,C+,3,Frank Karsten
Ed - Hysterical Partygoer,5,C+,3,Frank Karsten
"Fix‐It Felix, Jr. - Niceland Steward",5,C+,3,Frank Karsten
Iago - Fake Flamingo,5,C+,3,Frank Karsten
Scar - Betrayer,5,C+,3,Frank Karsten
Banzai - Gluttonous Predator,5,C+,3,Frank Karsten
Rancis Fluggerbutter - Chocolate Charger,5,C+,3,Frank Karsten
Tuke - Northern Moose,5,C+,3,Frank Karsten
Tug‐of‐War,5,C+,3,Frank Karsten
Minnie Mouse - Dazzling Dancer,5,C+,3,Frank Karsten
Cogsworth - Illuminary Watchman,5,C+,3,Frank Karsten
Robin Hood - Sneaky Sleuth,5,C+,3,Frank Karsten
Vanellope von Schweetz - Candy Mechanic,5,C+,3,Frank Karsten
Maleficent - Vengeful Sorceress,5,C+,3,Frank Karsten
Taffyta Muttonfudge - Ruthless Rival,5,C+,3,Frank Karsten
Arthur - Wart,5,C+,3,Frank Karsten
Mickey Mouse - Food Fight Defender,5,C,3,Frank Karsten
Pete - Pastry Chomper,5,C,3,Frank Karsten
Simba - Adventurous Successor,5,C,3,Frank Karsten
Kronk - Head of Security,5,C,3,Frank Karsten
Healing Touch,5,C,3,Frank Karsten
Clarabelle - Clumsy Guest,5,C,3,Frank Karsten
Merryweather - Good Fairy,5,C,3,Frank Karsten
Minnie Mouse - Drum Major,5,C,3,Frank Karsten
Pete - Games Referee,5,C,3,Frank Karsten
Half Hexwell Crown,5,C,3,Frank Karsten
Minnie Mouse - Compassionate Friend,5,C,3,Frank Karsten
Vanellope von Schweetz - Sugar Rush Princess,5,C,3,Frank Karsten
Chaca - Impressive Daughter,5,C,3,Frank Karsten
Ulf - Mime,5,C,3,Frank Karsten
Amber Chromicon,5,C,3,Frank Karsten
Mickey Mouse - Enthusiastic Dancer,5,C,3,Frank Karsten
Tipo - Growing Son,5,C,3,Frank Karsten
Minnie Mouse - Quick-Thinking Inventor,5,C,3,Frank Karsten
King of Hearts - Monarch of Wonderland,5,C,3,Frank Karsten
Ratigan - Raging Rat,5,C,3,Frank Karsten
Simba - Son of Mufasa,5,C,3,Frank Karsten
Steel Chromicon,5,C,3,Frank Karsten
Glimmer vs Glimmer,5,C,3,Frank Karsten
Magical Aid,5,C,3,Frank Karsten
Gazelle - Pop Star,5,C,3,Frank Karsten
Pride Lands - Jungle Oasis,5,C,3,Frank Karsten
Prince John - Gold Lover,5,C,3,Frank Karsten
Robin Hood - Archery Contestant,5,C,3,Frank Karsten
Banzai - Taunting Hyena,5,C-,2,Frank Karsten
Healing Decanter,5,C-,2,Frank Karsten
Sneezy - Noisy Knight,5,C-,2,Frank Karsten
When Will My Life Begin?,5,C-,2,Frank Karsten
Maleficent - Formidable Queen,5,C-,2,Frank Karsten
Anna - Eager Acolyte,5,C-,2,Frank Karsten
Donald Duck - Daisy's Date,5,C-,2,Frank Karsten
Koda - Talkative Cub,5,C-,2,Frank Karsten
Magica De Spell - Cruel Sorceress,5,C-,2,Frank Karsten
Vision of the Future,5,C-,2,Frank Karsten
Tropical Rainforest - Jaguar Lair,5,C-,2,Frank Karsten
Taffyta Muttonfudge - Sour Speedster,5,C-,2,Frank Karsten
Night Howler Rage,5,C-,2,Frank Karsten
Ratigan's Party - Seedy Back Room,5,C-,2,Frank Karsten
Prince John's Mirror,5,C-,2,Frank Karsten
Bashful - Adoring Knight,5,C-,2,Frank Karsten
"Fix‐It Felix, Jr. - Delighted Sightseer",5,C-,2,Frank Karsten
Kenai - Big Brother,5,C-,2,Frank Karsten
Lilo - Junior Cake Decorator,5,C-,2,Frank Karsten
Pacha - Emperor's Guide,5,C-,2,Frank Karsten
Prince John - Opportunistic Briber,5,C-,2,Frank Karsten
Prince Naveen - Ukulele Player,5,C-,2,Frank Karsten
Royal Guard - Bovine Protector,5,C-,2,Frank Karsten
Tanana - Wise Woman,5,C-,2,Frank Karsten
The Queen - Fairest of All,5,C-,2,Frank Karsten
Wreck‐It Ralph - Demolition Dude,5,C-,2,Frank Karsten
Alan‐a‐Dale - Rockin' Rooster,5,C-,2,Frank Karsten
Bad‐Anon - Villain Support Center,5,C-,2,Frank Karsten
Dopey - Knight Apprentice,5,C-,2,Frank Karsten
Duck for Cover!,5,C-,2,Frank Karsten
Ever as Before,5,C-,2,Frank Karsten
Hypnotic Deduction,5,C-,2,Frank Karsten
Retrosphere,5,C-,2,Frank Karsten
Merlin - Back from Bermuda,5,C-,2,Frank Karsten
Amethyst Chromicon,5,C-,2,Frank Karsten
Arthur - Novice Sparrow,5,D,1,Frank Karsten
Grumpy - Skeptical Knight,5,D,1,Frank Karsten
Nala - Mischievous Cub,5,D,1,Frank Karsten
Little John - Camp Cook,5,D,1,Frank Karsten
Sleepy - Sluggish Knight,5,D,1,Frank Karsten
Try Everything,5,D,1,Frank Karsten
Elsa's Ice Palace - Place of Solitude,5,D,1,Frank Karsten
Break Free,5,D,1,Frank Karsten
Potion of Might,5,D,1,Frank Karsten
Who's With Me?,5,D,1,Frank Karsten
Sherwood Forest - Outlaw Hideaway,5,D,1,Frank Karsten
Sheriff of Nottingham - Bushel Britches,5,D,1,Frank Karsten
Maleficent - Vexed Partygoer,5,D,1,Frank Karsten
Taffyta Muttonfudge - Crowd Favorite,5,D,1,Frank Karsten
Chicha - Dedicated Mother,5,D,1,Frank Karsten
Evil Comes Prepared,5,D,1,Frank Karsten
Shield of Arendelle,5,D,1,Frank Karsten
Food Fight!,5,D,1,Frank Karsten
Kristoff - Reindeer Keeper,5,D,1,Frank Karsten
Don't Let the Frostbite Bite,5,D,1,Frank Karsten
The Queen - Cruelest of All,5,D,1,Frank Karsten
Medal of Heroes,5,D,1,Frank Karsten
Queen's Sensor Core,5,D,1,Frank Karsten
Daisy Duck - Donald's Date,5,D,1,Frank Karsten
The Queen - Crown of the Council,5,D,1,Frank Karsten
Belle - Of the Ball,5,D,1,Frank Karsten
Robin Hood - Sharpshooter,5,D,1,Frank Karsten
Gathering Knowledge and Wisdom,5,F,0,Frank Karsten
Basil's Magnifying Glass,5,F,0,Frank Karsten
We Know the Way,5,F,0,Frank Karsten
Blast From Your Past,5,F,0,Frank Karsten
Remember Who You Are,5,F,0,Frank Karsten
Revive,5,F,0,Frank Karsten
Pete - Wrestling Champ,5,F,0,Frank Karsten
Hide Away,5,F,0,Frank Karsten
Obscurosphere,5,F,0,Frank Karsten
The Sword Released,5,F,0,Frank Karsten
The Great Illuminary - Radiant Ballroom,5,F,0,Frank Karsten
Sapphire Chromicon,5,F,0,Frank Karsten
Merlin's Cottage - The Wizard's Home,5,F,0,Frank Karsten
All Funned Out,5,F,0,Frank Karsten
Merlin's Carpetbag,5,F,0,Frank Karsten
Royal Tantrum,5,F,0,Frank Karsten
Sugar Rush Speedway - Starting Line,5,F,0,Frank Karsten
Koda - Talkative Cub,5,C-,2,Fortyborn
Nala - Mischevous Cub,5,D-,1,Fortyborn
Rutt - Northern Moose,5,C+/B-,3,Fortyborn
Kenai - Big Brother,5,D+,1,Fortyborn
Vanellope von Schweetz - Sugar Rush Champ,5,C/C-,2,Fortyborn
Tuke - Northern Moose,5,C,3,Fortyborn
Lilo - Junior Cake Decorator,5,C-,2,Fortyborn
Vanellope von Schweetz - Candy Mechanic,5,C+,3,Fortyborn
"Fix-It Felix, Jr. - Trusty Builder",5,C+,3,Fortyborn
Gazelle - Pop Star,5,C-,2,Fortyborn
"Fix-It Felix, Jr. - Niceland Steward",5,C,3,Fortyborn
Kristoff - Reindeer Keeper,5,D- (Buildaround B-),1,Fortyborn
"Fix-It Felix, Jr. - Delighted Sightseer",5,D+,1,Fortyborn
Moana - Determined Explorer,5,C+,3,Fortyborn
Vanellope von Schweetz - Sugar Rush Princess,5,C+,3,Fortyborn
Alan-A-Dale Rockin' Rooster,5,C-/D+,2,Fortyborn
Wreck-It Ralph - Admiral Underpants,5,B,4,Fortyborn
Maid Marian - Mistress of the Ranks,5,B,4,Fortyborn
Sven - Reindeer Steed,5,C+,3,Fortyborn
Minnie Mouse - Compassionate Friend,5,C+,3,Fortyborn
Try Everything,5,D+/C-,2,Fortyborn
Healing Touch,5,B-,4,Fortyborn
Revive,5,C-,2,Fortyborn
Invited to the Ball,5,C+/B-,3,Fortyborn
Healing Decanter,5,C+,3,Fortyborn
Amber Chromicon,5,C+,3,Fortyborn
Rapunzel's Tower - Secluded Prison,5,C,3,Fortyborn
Pride Lands - Jungle Oasis,5,D,1,Fortyborn
The Nokk - Mythical Spirit,5,B-,4,Fortyborn
Cogsworth - Illuminary Watchman,5,C/C+,3,Fortyborn
Merlin - Turtle,5,C+,3,Fortyborn
Archimedes - Exasperated Owl,5,B-,4,Fortyborn
Bruni - Fire Salamander,5,B/B+,4,Fortyborn
Earth Giant - Living Mountain,5,D,1,Fortyborn
Gale - Wind Spirit,5,B-,4,Fortyborn
White Rabbit - Royal Herald,5,C,3,Fortyborn
Luisa Madrigal - Entertaining Muscle,5,B-,4,Fortyborn
Anna - Mystical Majesty,5,C+,3,Fortyborn
Archimedes - Electrified Owl,5,B,4,Fortyborn
Olaf - Happy Passenger,5,B+,4,Fortyborn
Maleficent - Vexed Partygoer,5,D,1,Fortyborn
Monstro - Whale of a Whale,5,B-,4,Fortyborn
Magica De Spell - Cruel Sorceress,5,C-,2,Fortyborn
Maleficent - Vengeful Sorceress,5,C,3,Fortyborn
Rafiki - Shaman Duelist,5,B,4,Fortyborn
Anna - Eager Acolyte,5,D,1,Fortyborn
King of Hearts - Monarch of Wonderland,5,B-,4,Fortyborn
Hypnotic Strength,5,B-,4,Fortyborn
Finders Keepers,5,B,4,Fortyborn
We Know the Way,5,D-,1,Fortyborn
Magical Aid,5,B-,4,Fortyborn
Retrosphere,5,D,1,Fortyborn
Half Hexwell Crown,5,B-,4,Fortyborn
Amethyst Chromicon,5,D,1,Fortyborn
Elsa's Ice Palace - Place of Solitude,5,C+,3,Fortyborn
The Library - A Gift for Belle,5,B,4,Fortyborn
Robin Hood - Timely Contestant,5,B+,4,Fortyborn
Shenzi - Scar's Accomplice,5,B-,4,Fortyborn
Little John - Camp Cook,5,D-,1,Fortyborn
Zazu - Advisor to Mufasa,5,B,4,Fortyborn
Ulf - Mime,5,C+,3,Fortyborn
Ed - Laughing Hyena,5,B-,4,Fortyborn
Flora - Good Fairy,5,C/C+,3,Fortyborn
Merryweather - Good Fairy,5,C+,3,Fortyborn
Robin Hood - Archery Contestant,5,C-,2,Fortyborn
Fauna - Good Fairy,5,B-,4,Fortyborn
Iago - Fake Flamingo,5,B-,4,Fortyborn
Ed - Hysterical Partygoer,5,C+,3,Fortyborn
Clarabelle - Clumsy Guest,5,C-,2,Fortyborn
Banzai - Taunting Hyena,5,B-,4,Fortyborn
Robin Hood - Sneaky Sleuth,5,C+,3,Fortyborn
Mother Gothel - Conceited Manipulator,5,C+/B-,3,Fortyborn
Clarabelle - Contented Wallflower,5,C+,3,Fortyborn
Shenzi - Head Hyena,5,C+,3,Fortyborn
Scar - Vengeful Lion,5,B,4,Fortyborn
Hypnotic Deduction,5,D,1,Fortyborn
Night Howler Rage,5,B-,4,Fortyborn
You're Welcome,5,B+,4,Fortyborn
Remember Who You Are,5,D-,1,Fortyborn
Prince John's Mirror,5,C-,2,Fortyborn
Obscurosphere,5,D-,1,Fortyborn
Emerald Chromicon,5,B+/A,4,Fortyborn
Sherwood Forest - Outlaw Hideaway,5,B-/C+,4,Fortyborn
Tropical Rainforest - Jaguar Lair,5,C-,2,Fortyborn
Taffyta Muttonfudge - Ruthless Rival,5,C,3,Fortyborn
Wreck-It Ralph - Demolition Dude,5,D+,1,Fortyborn
Turbo - Royal Hack,5,C+,3,Fortyborn
Rancis Fluggerbutter - Chocolate Charger,5,C,3,Fortyborn
Scar - Traitor,5,B-,4,Fortyborn
Snowanna Rainbeau - Cool Competitor,5,C+,3,Fortyborn
Daisy Duck - Spotless Food‐Fighter,5,C+,3,Fortyborn
Mickey Mouse - Enthusiastic Dancer,5,C-,2,Fortyborn
Ratigan - Raging Rat,5,D+,1,Fortyborn
Taffyta Muttonfudge - Crowd Favorite,5,D-,1,Fortyborn
Denahi - Avenging Brother,5,B-,4,Fortyborn
Taffyta Muttonfudge - Sour Speedster,5,D+,1,Fortyborn
Gaston - Pure Paragon,5,B+,4,Fortyborn
Pete - Pastry Chomper,5,C,3,Fortyborn
Arthur - Novice Sparrow,5,D+,1,Fortyborn
Donald Duck - Daisy's Date,5,C,3,Fortyborn
Ratigan - Party Crasher,5,B,4,Fortyborn
Vanellope von Schweetz - Random Roster Racer,5,B-,4,Fortyborn
Simba - Adventurous Successor,5,C,3,Fortyborn
Minnie Mouse - Dazzling Dancer,5,C+,3,Fortyborn
Break Free,5,D-,1,Fortyborn
The End is Near,5,D-,1,Fortyborn
Don't Let the Frostbite Bite,5,D-,1,Fortyborn
Glimmer Vs Glimmer,5,D+,1,Fortyborn
Potion of Might,5,C-,2,Fortyborn
Ruby Chromicon,5,B-,4,Fortyborn
Ratigan's Party - Seedy Back Room,5,D-,1,Fortyborn
King Candy - Sovereign of Sugar,5,C,3,Fortyborn
Chaca - Impressive Daughter,5,C+,3,Fortyborn
The Queen - Cruelest of All,5,F,0,Fortyborn
Scrooge McDuck - Afficionado of Antiquities,5,B-,4,Fortyborn
Prince John - Opportunistic Briber,5,D+,1,Fortyborn
Merlin - Back From the Bermudas,5,D,1,Fortyborn
Pacha - Empror's Guide,5,D+,1,Fortyborn
Sheriff of Nottingham - Old Money Bags,5,D+,1,Fortyborn
Chicha - Dedicated Mother,5,D+,1,Fortyborn
The Queen - Head of the Council,5,D,1,Fortyborn
Ludwig von Drake - Self-Proclaimed Genius,5,B-,4,Fortyborn
Minnie Mouse - Quick-Thinking Inventor,5,C-,2,Fortyborn
Basil - Practiced Detective,5,C+,3,Fortyborn
King Candy - Sweet Abomination,5,B,4,Fortyborn
Donald Duck - Focused Flatfoot,5,B-,4,Fortyborn
Tanana - Wise Woman,5,C-,2,Fortyborn
Tipo - Growing Son,5,C-,2,Fortyborn
Belle - Of the Ball,5,D+,1,Fortyborn
Vision of the Future,5,C+,3,Fortyborn
Ever As Before,5,C-,2,Fortyborn
Hide Away,5,C+/B-,3,Fortyborn
All Funned Out,5,D+,1,Fortyborn
Medal of Heroes,5,D-,1,Fortyborn
Basil's Magnifying Glass,5,D,1,Fortyborn
The Great Illuminary - Radiant Ballroom,5,D,1,Fortyborn
Merlin's Cottage - The Wizard's Home,5,D-,1,Fortyborn
Stitch - Team Underdog,5,B-,4,Fortyborn
Simba - Lost Prince,5,B-,4,Fortyborn
Rudy - Groove Disrupter,5,C,3,Fortyborn
Royal Guard - Bovine Protector,5,D+,1,Fortyborn
Mickey Mouse - Food Fight Defender,5,D+,1,Fortyborn
Sleepy - Sluggish Knight,5,D+,1,Fortyborn
Kronk - Unlicensed Investigator,5,C+,3,Fortyborn
HeiHei - Protective Rooster,5,B,4,Fortyborn
Sneezy - Noisy Knight,5,C,3,Fortyborn
Dopey - Knight Apprentice,5,C-,2,Fortyborn
Namaari - Resolute Daughter,5,B+,4,Fortyborn
Yzma - Unjustly Treated,5,B-,4,Fortyborn
Sir Ector - Castle Lord,5,C+,3,Fortyborn
Bashful - Adoring Knight,5,C-,2,Fortyborn
Happy - Lively Knight,5,C+,3,Fortyborn
Simba - Son of Mufasa,5,C+,3,Fortyborn
Doc - Bold Knight,5,B+,4,Fortyborn
Pete - Game Referee,5,C-,2,Fortyborn
Tug-of-War,5,B,4,Fortyborn
When Will My Life Begin?,5,B-,4,Fortyborn
Duck for Cover!,5,C-,2,Fortyborn
Food Fight!,5,C+,3,Fortyborn
Shield of Arendelle,5,D-,1,Fortyborn
Plate Armor,5,B-,4,Fortyborn
Steel Chromicon,5,B,4,Fortyborn
Bad-Anon - Villain Support Center,5,D-,1,Fortyborn
Seven Dwarfs' Mine - Secure Fortress,5,C+,3,Fortyborn
Minnie Mouse - Drum Major,5,C-,2,Fortyborn
Daisy Duck - Donald's Date,5,F (Buildaround C+),0,Fortyborn
Blast From Your Past,5,D-,1,Fortyborn
Maleficent - Fearsome Queen,5,C,3,Fortyborn
Madam Mim - Elephant,5,B,4,Fortyborn
Elsa - The Fifth Spirit,5,A,5,Fortyborn
Scroop - Odious Mutineer,5,B+/A-,4,Fortyborn
Prince Phillip - Swordsman of the Realm,5,B+,4,Fortyborn
Mother Gothel - Unwavering Schemer,5,B,4,Fortyborn
Maximus - Champion of the Team,5,C,3,Fortyborn
Pete - Steamboat Rival,5,B-,4,Fortyborn
Who's With Me?,5,D+,1,Fortyborn
The Queen - Fairest of All,5,D+,1,Fortyborn
Prince John - Gold Lover,5,C-,2,Fortyborn
Kuzco - Selfish Emperor,5,A,5,Fortyborn
Snow White - Fair-Hearted,5,C (Buildaround B),3,Fortyborn
Kronk - Head of Security,5,C,3,Fortyborn
Grumpy - Skeptical Knight,5,C+ (Buildaround B),3,Fortyborn
Prince Naveen - Ukulele Player,5,D+,1,Fortyborn
Mirabel Madrigal - Family Gatherer,5,D,1,Fortyborn
Genie - Main Attraction,5,B,4,Fortyborn
Camilo Madrigal - Family Copycat,5,B-,4,Fortyborn
Clarabelle - Hoofin' It,5,B-,4,Fortyborn
Anna - Diplomatic Queen,5,B+,4,Fortyborn
Donald Duck - Pie Slinger,5,B,4,Fortyborn
Robin Hood - Sharpshooter,5,C-,2,Fortyborn
Mufasa - Ruler of Pride Rock,5,A,5,Fortyborn
Merlin - Intellectual Visionary,5,C+,3,Fortyborn
Jafar - Tyrannical Hypnotist,5,A-,5,Fortyborn
Arthur - King Victorious,5,B+,4,Fortyborn
